Conventions,G,BADC-CSV,1
title,G,uk-daily-rain-obs
source,G,Met Office MIDAS database
creator,G,Met Office
activity,G,Met Office MIDAS Open: UK Land Surface Stations Data
feature_type,G,point series
collection_name,G,midas-open
collection_version_number,G,dataset-version-202107
history,G,Created 2021-07-15
last_revised_date,G,2021-07-15
observation_station,G,baltasound-no-2
historic_county_name,G,shetland
midas_station_id,G,00012
location,G,60.748,-0.856
height,G,15,m
date_valid,G,1992-01-01 00:00:00,1992-12-31 23:59:59
midas_qc_version_number,G,1
comments,G,The midas_qc_version_number indicates if the data are original received message (0) or current best version (1)
comments,G,This file contains station observations
comments,G,missing values are identified with the missing data flag
missing_value,G,NA
coordinate_variable,ob_date,t
long_name,ob_date,Date of observation,s
type,ob_date,char
comments,ob_date,Date and time (YYYY-MM-DD HH:MM:SS) of the observation
long_name,id,station identifier,1
type,id,char
comments,id,a station may have more than one id assigned to it designated by the id_type
long_name,id_type,identifier type,1
type,id_type,char
comments,id_type,a station may have more than one id assigned to it defined by id_type
long_name,version_num,midas qc version number,1
type,version_num,int
comments,version_num,The midas_qc_version_number indicates if the data are original received message (0) or current best version (1)
long_name,met_domain_name,message type,1
type,met_domain_name,char
comments,met_domain_name,message type (see MIDAS documentation)
long_name,ob_day_cnt,Observation day count,day
type,ob_day_cnt,int
long_name,ob_end_ctime,clock time at end of observation as HHMM,s
type,ob_end_ctime,char
long_name,src_id,unique source identifier or station site number,1
type,src_id,int
comments,src_id,unique source identifier or station site number
long_name,rec_st_ind,state indicator for the record,1
type,rec_st_ind,int
comments,rec_st_ind,state indicator for the current stage in the life of the record (see MIDAS documentation)
long_name,prcp_amt,Precipitation amount,mm
type,prcp_amt,float
long_name,ob_day_cnt_q,QC code: observation day count,1
type,ob_day_cnt_q,int
long_name,prcp_amt_q,QC code: precipitation amount,1
type,prcp_amt_q,int
long_name,prcp_amt_j,Descriptor: precipitation amount,1
type,prcp_amt_j,int
long_name,meto_stmp_time,Met Office receipt stamp time,s
type,meto_stmp_time,char
comments,meto_stmp_time,Met Office receipt stampe time in format (YYYY-MM-DD HH:MM:SS)
long_name,midas_stmp_etime,Elapsed time to storage in MIDAS ,minutes
type,midas_stmp_etime,int
data
ob_date,id,id_type,version_num,met_domain_name,ob_end_ctime,ob_day_cnt,src_id,rec_st_ind,prcp_amt,ob_day_cnt_q,prcp_amt_q,prcp_amt_j,meto_stmp_time,midas_stmp_etime
1992-01-05 00:00:00,759235,RAIN,1,NCM,900,1,12,1011,3.5,0,1209,NA,NA,NA
1992-01-06 00:00:00,759235,RAIN,1,NCM,900,1,12,1011,3.5,0,1209,NA,NA,NA
1992-01-09 00:00:00,759235,RAIN,1,NCM,900,1,12,1011,0.2,0,1209,NA,NA,NA
1992-01-20 00:00:00,759235,RAIN,1,NCM,900,1,12,1011,1,0,1209,NA,NA,NA
1992-01-21 00:00:00,759235,RAIN,1,NCM,900,1,12,1011,1,0,1209,NA,NA,NA
1992-02-21 00:00:00,759235,RAIN,1,NCM,900,1,12,1011,3,0,1209,NA,NA,NA
1992-02-22 00:00:00,759235,RAIN,1,NCM,900,1,12,1011,12,0,1209,NA,NA,NA
1992-02-23 00:00:00,759235,RAIN,1,NCM,900,1,12,1011,5,0,1209,NA,NA,NA
1992-02-24 00:00:00,759235,RAIN,1,NCM,900,1,12,1011,8,0,1209,NA,NA,NA
1992-02-25 00:00:00,759235,RAIN,1,NCM,900,1,12,1011,7,0,1209,NA,NA,NA
1992-02-26 00:00:00,759235,RAIN,1,NCM,900,1,12,1011,4.5,0,1209,NA,NA,NA
1992-02-27 00:00:00,759235,RAIN,1,NCM,900,1,12,1011,3.5,0,1209,NA,NA,NA
1992-02-29 00:00:00,759235,RAIN,1,NCM,900,1,12,1011,6,0,1209,NA,NA,NA
1992-03-08 00:00:00,759235,RAIN,1,NCM,900,1,12,1011,9.5,0,1209,NA,NA,NA
1992-03-09 00:00:00,759235,RAIN,1,NCM,900,1,12,1011,3.5,0,1209,NA,NA,NA
1992-03-11 00:00:00,759235,RAIN,1,NCM,900,1,12,1011,11.5,0,1209,NA,NA,NA
1992-03-13 00:00:00,759235,RAIN,1,NCM,900,1,12,1011,10,0,1209,NA,NA,NA
1992-03-14 00:00:00,759235,RAIN,1,NCM,900,1,12,1011,5,0,1209,NA,NA,NA
1992-03-15 00:00:00,759235,RAIN,1,NCM,900,1,12,1011,7,0,1209,NA,NA,NA
1992-03-18 00:00:00,759235,RAIN,1,NCM,900,1,12,1011,1,0,1209,NA,NA,NA
1992-04-05 00:00:00,759235,RAIN,1,NCM,900,1,12,1011,5,0,9,NA,NA,NA
1992-04-06 00:00:00,759235,RAIN,1,NCM,900,1,12,1001,1,0,9,NA,NA,NA
1992-05-04 00:00:00,759235,RAIN,1,NCM,900,1,12,1011,9.5,0,9,NA,NA,NA
1992-05-24 00:00:00,759235,RAIN,1,NCM,900,1,12,1011,0,0,9,NA,NA,NA
1992-08-17 00:00:00,759235,RAIN,1,NCM,900,1,12,1011,0,0,9,NA,NA,NA
1992-08-19 00:00:00,759235,RAIN,1,NCM,900,1,12,1011,0,0,9,NA,NA,NA
1992-08-21 00:00:00,759235,RAIN,1,NCM,900,1,12,1011,3.8,0,9,NA,NA,NA
1992-08-22 00:00:00,759235,RAIN,1,NCM,900,1,12,1011,1.8,0,9,NA,NA,NA
1992-08-23 00:00:00,759235,RAIN,1,NCM,900,1,12,1011,7.6,0,9,NA,NA,NA
1992-08-24 00:00:00,759235,RAIN,1,NCM,900,1,12,1011,0.8,0,9,NA,NA,NA
1992-08-25 00:00:00,759235,RAIN,1,NCM,900,1,12,1011,2.8,0,9,NA,NA,NA
1992-08-26 00:00:00,759235,RAIN,1,NCM,900,1,12,1011,7,0,9,NA,NA,NA
1992-08-27 00:00:00,759235,RAIN,1,NCM,900,1,12,1011,0.4,0,9,NA,NA,NA
1992-08-28 00:00:00,759235,RAIN,1,NCM,900,1,12,1011,1.2,0,9,NA,NA,NA
1992-08-29 00:00:00,759235,RAIN,1,NCM,900,1,12,1011,0.4,0,9,NA,NA,NA
1992-08-30 00:00:00,759235,RAIN,1,NCM,900,1,12,1011,0.4,0,9,NA,NA,NA
1992-08-31 00:00:00,759235,RAIN,1,NCM,900,1,12,1011,13,0,9,NA,NA,NA
1992-09-01 00:00:00,759235,RAIN,1,NCM,900,1,12,1011,2,0,9,NA,NA,NA
1992-09-02 00:00:00,759235,RAIN,1,NCM,900,1,12,1011,5,0,9,NA,NA,NA
1992-09-08 00:00:00,759235,RAIN,1,NCM,900,1,12,1011,5.8,0,9,NA,NA,NA
1992-09-25 00:00:00,759235,RAIN,1,NCM,900,1,12,1011,10.6,0,9,NA,NA,NA
1992-09-26 00:00:00,759235,RAIN,1,NCM,900,1,12,1011,0.6,0,9,NA,NA,NA
1992-09-27 00:00:00,759235,RAIN,1,NCM,900,1,12,1001,1,0,9,NA,NA,NA
1992-09-28 00:00:00,759235,RAIN,1,NCM,900,1,12,1011,0.6,0,9,NA,NA,NA
1992-09-29 00:00:00,759235,RAIN,1,NCM,900,1,12,1011,0.6,0,9,NA,NA,NA
1992-12-12 00:00:00,759235,RAIN,1,NCM,900,1,12,1011,2.6,0,9,NA,NA,NA
1992-12-20 00:00:00,759235,RAIN,1,NCM,900,1,12,1011,0,0,9,NA,NA,NA
1992-12-21 00:00:00,759235,RAIN,1,NCM,900,1,12,1011,2.2,0,9,NA,NA,NA
1992-12-22 00:00:00,759235,RAIN,1,NCM,900,1,12,1001,1,0,9,NA,NA,NA
1992-12-23 00:00:00,759235,RAIN,1,NCM,900,1,12,1011,0.4,0,9,NA,NA,NA
1992-12-24 00:00:00,759235,RAIN,1,NCM,900,1,12,1011,7.4,0,9,NA,NA,NA
end data
