Conventions,G,BADC-CSV,1
title,G,uk-daily-rain-obs
source,G,Met Office MIDAS database
creator,G,Met Office
activity,G,Met Office MIDAS Open: UK Land Surface Stations Data
feature_type,G,point series
collection_name,G,midas-open
collection_version_number,G,dataset-version-202107
history,G,Created 2021-07-15
last_revised_date,G,2021-07-15
observation_station,G,berriedale-langwell
historic_county_name,G,caithness
midas_station_id,G,00028
location,G,58.180,-3.530
height,G,67,m
date_valid,G,1981-01-01 00:00:00,1981-12-31 23:59:59
midas_qc_version_number,G,1
comments,G,The midas_qc_version_number indicates if the data are original received message (0) or current best version (1)
comments,G,This file contains station observations
comments,G,missing values are identified with the missing data flag
missing_value,G,NA
coordinate_variable,ob_date,t
long_name,ob_date,Date of observation,s
type,ob_date,char
comments,ob_date,Date and time (YYYY-MM-DD HH:MM:SS) of the observation
long_name,id,station identifier,1
type,id,char
comments,id,a station may have more than one id assigned to it designated by the id_type
long_name,id_type,identifier type,1
type,id_type,char
comments,id_type,a station may have more than one id assigned to it defined by id_type
long_name,version_num,midas qc version number,1
type,version_num,int
comments,version_num,The midas_qc_version_number indicates if the data are original received message (0) or current best version (1)
long_name,met_domain_name,message type,1
type,met_domain_name,char
comments,met_domain_name,message type (see MIDAS documentation)
long_name,ob_day_cnt,Observation day count,day
type,ob_day_cnt,int
long_name,ob_end_ctime,clock time at end of observation as HHMM,s
type,ob_end_ctime,char
long_name,src_id,unique source identifier or station site number,1
type,src_id,int
comments,src_id,unique source identifier or station site number
long_name,rec_st_ind,state indicator for the record,1
type,rec_st_ind,int
comments,rec_st_ind,state indicator for the current stage in the life of the record (see MIDAS documentation)
long_name,prcp_amt,Precipitation amount,mm
type,prcp_amt,float
long_name,ob_day_cnt_q,QC code: observation day count,1
type,ob_day_cnt_q,int
long_name,prcp_amt_q,QC code: precipitation amount,1
type,prcp_amt_q,int
long_name,prcp_amt_j,Descriptor: precipitation amount,1
type,prcp_amt_j,int
long_name,meto_stmp_time,Met Office receipt stamp time,s
type,meto_stmp_time,char
comments,meto_stmp_time,Met Office receipt stampe time in format (YYYY-MM-DD HH:MM:SS)
long_name,midas_stmp_etime,Elapsed time to storage in MIDAS ,minutes
type,midas_stmp_etime,int
data
ob_date,id,id_type,version_num,met_domain_name,ob_end_ctime,ob_day_cnt,src_id,rec_st_ind,prcp_amt,ob_day_cnt_q,prcp_amt_q,prcp_amt_j,meto_stmp_time,midas_stmp_etime
1981-01-01 00:00:00,772399,RAIN,1,DLY3208,900,1,28,1001,8.2,0,9,NA,NA,NA
1981-01-02 00:00:00,772399,RAIN,1,DLY3208,900,1,28,1001,3.2,0,1209,NA,NA,NA
1981-01-03 00:00:00,772399,RAIN,1,DLY3208,900,1,28,1001,3.7,0,9,NA,NA,NA
1981-01-04 00:00:00,772399,RAIN,1,DLY3208,900,1,28,1001,5.1,0,9,NA,NA,NA
1981-01-05 00:00:00,772399,RAIN,1,DLY3208,900,1,28,1001,1.8,0,9,NA,NA,NA
1981-01-06 00:00:00,772399,RAIN,1,DLY3208,900,1,28,1001,10.5,0,9,NA,NA,NA
1981-01-07 00:00:00,772399,RAIN,1,DLY3208,900,1,28,1001,0.7,0,9,NA,NA,NA
1981-01-08 00:00:00,772399,RAIN,1,DLY3208,900,1,28,1001,0.5,0,9,NA,NA,NA
1981-01-09 00:00:00,772399,RAIN,1,DLY3208,900,1,28,1001,4.2,0,9,NA,NA,NA
1981-01-10 00:00:00,772399,RAIN,1,DLY3208,900,1,28,1001,9.1,0,9,NA,NA,NA
1981-01-11 00:00:00,772399,RAIN,1,DLY3208,900,1,28,1001,0.2,0,9,NA,NA,NA
1981-01-12 00:00:00,772399,RAIN,1,DLY3208,900,1,28,1001,7.5,0,9,NA,NA,NA
1981-01-13 00:00:00,772399,RAIN,1,DLY3208,900,1,28,1001,0.6,0,9,NA,NA,NA
1981-01-14 00:00:00,772399,RAIN,1,DLY3208,900,1,28,1001,4.2,0,9,NA,NA,NA
1981-01-15 00:00:00,772399,RAIN,1,DLY3208,900,1,28,1001,10.7,0,9,NA,NA,NA
1981-01-16 00:00:00,772399,RAIN,1,DLY3208,900,1,28,1001,3.2,0,9,NA,NA,NA
1981-01-17 00:00:00,772399,RAIN,1,DLY3208,900,1,28,1001,5.2,0,9,NA,NA,NA
1981-01-18 00:00:00,772399,RAIN,1,DLY3208,900,1,28,1001,0.7,0,9,NA,NA,NA
1981-01-19 00:00:00,772399,RAIN,1,DLY3208,900,1,28,1001,11.4,0,9,NA,NA,NA
1981-01-20 00:00:00,772399,RAIN,1,DLY3208,900,1,28,1001,2.1,0,9,NA,NA,NA
1981-01-21 00:00:00,772399,RAIN,1,DLY3208,900,1,28,1001,1,0,9,NA,NA,NA
1981-01-22 00:00:00,772399,RAIN,1,DLY3208,900,1,28,1001,2.3,0,9,NA,NA,NA
1981-01-23 00:00:00,772399,RAIN,1,DLY3208,900,1,28,1001,0.2,0,9,NA,NA,NA
1981-01-24 00:00:00,772399,RAIN,1,DLY3208,900,1,28,1001,7.5,0,9,NA,NA,NA
1981-01-25 00:00:00,772399,RAIN,1,DLY3208,900,1,28,1001,12.2,0,9,NA,NA,NA
1981-01-26 00:00:00,772399,RAIN,1,DLY3208,900,1,28,1001,7.5,0,9,NA,NA,NA
1981-01-27 00:00:00,772399,RAIN,1,DLY3208,900,1,28,1001,0.4,0,9,NA,NA,NA
1981-01-28 00:00:00,772399,RAIN,1,DLY3208,900,1,28,1001,0,0,9,NA,NA,NA
1981-01-29 00:00:00,772399,RAIN,1,DLY3208,900,1,28,1001,0,0,9,NA,NA,NA
1981-01-30 00:00:00,772399,RAIN,1,DLY3208,900,1,28,1001,0.4,0,9,NA,NA,NA
1981-01-31 00:00:00,772399,RAIN,1,DLY3208,900,1,28,1001,0.1,0,9,NA,NA,NA
1981-02-01 00:00:00,772399,RAIN,1,DLY3208,900,1,28,1001,0,0,9,NA,NA,NA
1981-02-02 00:00:00,772399,RAIN,1,DLY3208,900,1,28,1001,13.3,0,9,NA,NA,NA
1981-02-03 00:00:00,772399,RAIN,1,DLY3208,900,1,28,1001,4,0,9,NA,NA,NA
1981-02-04 00:00:00,772399,RAIN,1,DLY3208,900,1,28,1001,6.3,0,9,NA,NA,NA
1981-02-05 00:00:00,772399,RAIN,1,DLY3208,900,1,28,1001,1.7,0,9,NA,NA,NA
1981-02-06 00:00:00,772399,RAIN,1,DLY3208,900,1,28,1001,7.2,0,9,NA,NA,NA
1981-02-07 00:00:00,772399,RAIN,1,DLY3208,900,1,28,1001,1.8,0,9,NA,NA,NA
1981-02-08 00:00:00,772399,RAIN,1,DLY3208,900,1,28,1001,9,0,9,NA,NA,NA
1981-02-09 00:00:00,772399,RAIN,1,DLY3208,900,1,28,1001,1.5,0,9,NA,NA,NA
1981-02-10 00:00:00,772399,RAIN,1,DLY3208,900,1,28,1001,2,0,9,NA,NA,NA
1981-02-11 00:00:00,772399,RAIN,1,DLY3208,900,1,28,1001,2.8,0,9,NA,NA,NA
1981-02-12 00:00:00,772399,RAIN,1,DLY3208,900,1,28,1001,7.5,0,9,NA,NA,NA
1981-02-13 00:00:00,772399,RAIN,1,DLY3208,900,1,28,1001,0.1,0,9,NA,NA,NA
1981-02-14 00:00:00,772399,RAIN,1,DLY3208,900,1,28,1001,0,0,9,NA,NA,NA
1981-02-15 00:00:00,772399,RAIN,1,DLY3208,900,1,28,1001,0,0,9,NA,NA,NA
1981-02-16 00:00:00,772399,RAIN,1,DLY3208,900,1,28,1001,0.3,0,9,NA,NA,NA
1981-02-17 00:00:00,772399,RAIN,1,DLY3208,900,1,28,1001,0,0,9,NA,NA,NA
1981-02-18 00:00:00,772399,RAIN,1,DLY3208,900,1,28,1001,0,0,9,NA,NA,NA
1981-02-19 00:00:00,772399,RAIN,1,DLY3208,900,1,28,1001,0,0,9,NA,NA,NA
1981-02-20 00:00:00,772399,RAIN,1,DLY3208,900,1,28,1001,0,0,9,NA,NA,NA
1981-02-21 00:00:00,772399,RAIN,1,DLY3208,900,1,28,1001,0,0,9,NA,NA,NA
1981-02-22 00:00:00,772399,RAIN,1,DLY3208,900,1,28,1001,0,0,9,NA,NA,NA
1981-02-23 00:00:00,772399,RAIN,1,DLY3208,900,1,28,1001,0,0,9,NA,NA,NA
1981-02-24 00:00:00,772399,RAIN,1,DLY3208,900,1,28,1001,0,0,9,NA,NA,NA
1981-02-25 00:00:00,772399,RAIN,1,DLY3208,900,1,28,1001,0,0,9,NA,NA,NA
1981-02-26 00:00:00,772399,RAIN,1,DLY3208,900,1,28,1001,0,0,9,NA,NA,NA
1981-02-27 00:00:00,772399,RAIN,1,DLY3208,900,1,28,1001,0,0,9,NA,NA,NA
1981-02-28 00:00:00,772399,RAIN,1,DLY3208,900,1,28,1001,0,0,9,NA,NA,NA
1981-03-01 00:00:00,772399,RAIN,1,DLY3208,900,1,28,1001,0.2,0,9,NA,NA,NA
end data
