Conventions,G,BADC-CSV,1
title,G,uk-daily-rain-obs
source,G,Met Office MIDAS database
creator,G,Met Office
activity,G,Met Office MIDAS Open: UK Land Surface Stations Data
feature_type,G,point series
collection_name,G,midas-open
collection_version_number,G,dataset-version-202107
history,G,Created 2021-07-15
last_revised_date,G,2021-07-15
observation_station,G,foula
historic_county_name,G,shetland
midas_station_id,G,00001
location,G,60.154,-2.074
height,G,22,m
date_valid,G,1993-01-01 00:00:00,1993-12-31 23:59:59
midas_qc_version_number,G,1
comments,G,The midas_qc_version_number indicates if the data are original received message (0) or current best version (1)
comments,G,This file contains station observations
comments,G,missing values are identified with the missing data flag
missing_value,G,NA
coordinate_variable,ob_date,t
long_name,ob_date,Date of observation,s
type,ob_date,char
comments,ob_date,Date and time (YYYY-MM-DD HH:MM:SS) of the observation
long_name,id,station identifier,1
type,id,char
comments,id,a station may have more than one id assigned to it designated by the id_type
long_name,id_type,identifier type,1
type,id_type,char
comments,id_type,a station may have more than one id assigned to it defined by id_type
long_name,version_num,midas qc version number,1
type,version_num,int
comments,version_num,The midas_qc_version_number indicates if the data are original received message (0) or current best version (1)
long_name,met_domain_name,message type,1
type,met_domain_name,char
comments,met_domain_name,message type (see MIDAS documentation)
long_name,ob_day_cnt,Observation day count,day
type,ob_day_cnt,int
long_name,ob_end_ctime,clock time at end of observation as HHMM,s
type,ob_end_ctime,char
long_name,src_id,unique source identifier or station site number,1
type,src_id,int
comments,src_id,unique source identifier or station site number
long_name,rec_st_ind,state indicator for the record,1
type,rec_st_ind,int
comments,rec_st_ind,state indicator for the current stage in the life of the record (see MIDAS documentation)
long_name,prcp_amt,Precipitation amount,mm
type,prcp_amt,float
long_name,ob_day_cnt_q,QC code: observation day count,1
type,ob_day_cnt_q,int
long_name,prcp_amt_q,QC code: precipitation amount,1
type,prcp_amt_q,int
long_name,prcp_amt_j,Descriptor: precipitation amount,1
type,prcp_amt_j,int
long_name,meto_stmp_time,Met Office receipt stamp time,s
type,meto_stmp_time,char
comments,meto_stmp_time,Met Office receipt stampe time in format (YYYY-MM-DD HH:MM:SS)
long_name,midas_stmp_etime,Elapsed time to storage in MIDAS ,minutes
type,midas_stmp_etime,int
data
ob_date,id,id_type,version_num,met_domain_name,ob_end_ctime,ob_day_cnt,src_id,rec_st_ind,prcp_amt,ob_day_cnt_q,prcp_amt_q,prcp_amt_j,meto_stmp_time,midas_stmp_etime
1993-02-02 00:00:00,763826,RAIN,1,NCM,900,1,1,1011,3.6,0,9,NA,NA,NA
1993-02-03 00:00:00,763826,RAIN,1,NCM,900,1,1,1011,6.8,0,9,NA,NA,NA
1993-02-04 00:00:00,763826,RAIN,1,NCM,900,1,1,1011,5.9,0,9,NA,NA,NA
1993-02-05 00:00:00,763826,RAIN,1,NCM,900,1,1,1011,16.8,0,9,NA,NA,NA
1993-02-06 00:00:00,763826,RAIN,1,NCM,900,1,1,1011,20,0,9,NA,NA,NA
1993-02-07 00:00:00,763826,RAIN,1,NCM,900,1,1,1011,11.1,0,9,NA,NA,NA
1993-02-08 00:00:00,763826,RAIN,1,NCM,900,1,1,1011,1.1,0,9,NA,NA,NA
1993-02-09 00:00:00,763826,RAIN,1,NCM,900,1,1,1011,0.5,0,9,NA,NA,NA
1993-02-10 00:00:00,763826,RAIN,1,NCM,900,1,1,1011,0.4,0,9,NA,NA,NA
1993-02-11 00:00:00,763826,RAIN,1,NCM,900,1,1,1011,2.6,0,9,NA,NA,NA
1993-02-12 00:00:00,763826,RAIN,1,NCM,900,1,1,1011,1.6,0,9,NA,NA,NA
1993-02-13 00:00:00,763826,RAIN,1,NCM,900,1,1,1011,1.4,0,9,NA,NA,NA
1993-02-14 00:00:00,763826,RAIN,1,NCM,900,1,1,1011,0,0,10009,NA,NA,NA
1993-02-15 00:00:00,763826,RAIN,1,NCM,900,1,1,1011,8.3,0,9,NA,NA,NA
1993-02-16 00:00:00,763826,RAIN,1,NCM,900,1,1,1011,9.4,0,9,NA,NA,NA
1993-02-17 00:00:00,763826,RAIN,1,NCM,900,1,1,1011,1.9,0,9,NA,NA,NA
1993-02-18 00:00:00,763826,RAIN,1,NCM,900,1,1,1011,4.3,0,9,NA,NA,NA
1993-02-19 00:00:00,763826,RAIN,1,NCM,900,1,1,1011,4.6,0,9,NA,NA,NA
1993-02-20 00:00:00,763826,RAIN,1,NCM,900,1,1,1011,2.5,0,9,NA,NA,NA
1993-02-21 00:00:00,763826,RAIN,1,NCM,900,1,1,1011,2.7,0,9,NA,NA,NA
1993-02-22 00:00:00,763826,RAIN,1,NCM,900,1,1,1011,0.3,0,9,NA,NA,NA
1993-02-23 00:00:00,763826,RAIN,1,NCM,900,1,1,1011,0.4,0,9,NA,NA,NA
1993-02-24 00:00:00,763826,RAIN,1,NCM,900,1,1,1011,0.7,0,9,NA,NA,NA
1993-02-25 00:00:00,763826,RAIN,1,NCM,900,1,1,1011,7.4,0,9,NA,NA,NA
1993-02-26 00:00:00,763826,RAIN,1,NCM,900,1,1,1011,3.8,0,9,NA,NA,NA
1993-02-27 00:00:00,763826,RAIN,1,NCM,900,1,1,1011,0.9,0,9,NA,NA,NA
1993-02-28 00:00:00,763826,RAIN,1,NCM,900,1,1,1011,1.4,0,9,NA,NA,NA
1993-03-01 00:00:00,763826,RAIN,1,NCM,900,1,1,1011,0,0,10009,NA,NA,NA
1993-03-02 00:00:00,763826,RAIN,1,NCM,900,1,1,1011,0,0,9,NA,NA,NA
1993-03-03 00:00:00,763826,RAIN,1,NCM,900,1,1,1011,1.4,0,9,NA,NA,NA
1993-03-04 00:00:00,763826,RAIN,1,NCM,900,1,1,1011,0.6,0,9,NA,NA,NA
1993-03-05 00:00:00,763826,RAIN,1,NCM,900,1,1,1011,6.8,0,9,NA,NA,NA
1993-03-06 00:00:00,763826,RAIN,1,NCM,900,1,1,1011,0.7,0,9,NA,NA,NA
1993-03-07 00:00:00,763826,RAIN,1,NCM,900,1,1,1011,0.6,0,9,NA,NA,NA
1993-03-08 00:00:00,763826,RAIN,1,NCM,900,1,1,1011,0,0,10009,NA,NA,NA
1993-03-09 00:00:00,763826,RAIN,1,NCM,900,1,1,1011,0.8,0,9,NA,NA,NA
1993-03-10 00:00:00,763826,RAIN,1,NCM,900,1,1,1011,0.1,0,9,NA,NA,NA
1993-03-11 00:00:00,763826,RAIN,1,NCM,900,1,1,1011,0,0,10009,NA,NA,NA
1993-03-12 00:00:00,763826,RAIN,1,NCM,900,1,1,1011,3,0,9,NA,NA,NA
1993-03-13 00:00:00,763826,RAIN,1,NCM,900,1,1,1011,0,0,10009,NA,NA,NA
1993-03-14 00:00:00,763826,RAIN,1,NCM,900,1,1,1011,1.5,0,9,NA,NA,NA
1993-03-15 00:00:00,763826,RAIN,1,NCM,900,1,1,1011,0.1,0,9,NA,NA,NA
1993-03-16 00:00:00,763826,RAIN,1,NCM,900,1,1,1011,7,0,9,NA,NA,NA
1993-03-17 00:00:00,763826,RAIN,1,NCM,900,1,1,1011,13,0,9,NA,NA,NA
1993-03-18 00:00:00,763826,RAIN,1,NCM,900,1,1,1011,7.7,0,9,NA,NA,NA
1993-03-19 00:00:00,763826,RAIN,1,NCM,900,1,1,1011,5.5,0,9,NA,NA,NA
1993-03-20 00:00:00,763826,RAIN,1,NCM,900,1,1,1011,17.9,0,9,NA,NA,NA
1993-03-21 00:00:00,763826,RAIN,1,NCM,900,1,1,1011,5.5,0,9,NA,NA,NA
1993-03-22 00:00:00,763826,RAIN,1,NCM,900,1,1,1011,6.5,0,9,NA,NA,NA
1993-03-23 00:00:00,763826,RAIN,1,NCM,900,1,1,1011,7.7,0,9,NA,NA,NA
1993-03-24 00:00:00,763826,RAIN,1,NCM,900,1,1,1011,3.2,0,9,NA,NA,NA
1993-03-25 00:00:00,763826,RAIN,1,NCM,900,1,1,1011,1.2,0,9,NA,NA,NA
1993-03-26 00:00:00,763826,RAIN,1,NCM,900,1,1,1011,0,0,10009,NA,NA,NA
1993-03-27 00:00:00,763826,RAIN,1,NCM,900,1,1,1011,0,0,9,NA,NA,NA
1993-03-28 00:00:00,763826,RAIN,1,NCM,900,1,1,1011,3.7,0,9,NA,NA,NA
1993-03-29 00:00:00,763826,RAIN,1,NCM,900,1,1,1011,0.7,0,9,NA,NA,NA
1993-03-30 00:00:00,763826,RAIN,1,NCM,900,1,1,1011,17.1,0,9,NA,NA,NA
1993-03-31 00:00:00,763826,RAIN,1,NCM,900,1,1,1011,8,0,9,NA,NA,NA
1993-04-01 00:00:00,763826,RAIN,1,NCM,900,1,1,1011,0,0,10009,NA,NA,NA
1993-04-02 00:00:00,763826,RAIN,1,NCM,900,1,1,1011,5.3,0,9,NA,NA,NA
1993-04-03 00:00:00,763826,RAIN,1,NCM,900,1,1,1011,1.1,0,9,NA,NA,NA
1993-04-04 00:00:00,763826,RAIN,1,NCM,900,1,1,1011,0.1,0,9,NA,NA,NA
1993-04-05 00:00:00,763826,RAIN,1,NCM,900,1,1,1011,5.9,0,9,NA,NA,NA
1993-04-06 00:00:00,763826,RAIN,1,NCM,900,1,1,1011,6.3,0,9,NA,NA,NA
1993-04-07 00:00:00,763826,RAIN,1,NCM,900,1,1,1011,0.7,0,9,NA,NA,NA
1993-04-08 00:00:00,763826,RAIN,1,NCM,900,1,1,1011,0.1,0,9,NA,NA,NA
1993-04-09 00:00:00,763826,RAIN,1,NCM,900,1,1,1011,4,0,9,NA,NA,NA
1993-04-10 00:00:00,763826,RAIN,1,NCM,900,1,1,1011,0.6,0,9,NA,NA,NA
1993-04-11 00:00:00,763826,RAIN,1,NCM,900,1,1,1011,0.4,0,9,NA,NA,NA
1993-04-12 00:00:00,763826,RAIN,1,NCM,900,1,1,1011,0.1,0,9,NA,NA,NA
1993-04-13 00:00:00,763826,RAIN,1,NCM,900,1,1,1011,0,0,9,NA,NA,NA
1993-04-14 00:00:00,763826,RAIN,1,NCM,900,1,1,1011,0,0,9,NA,NA,NA
1993-04-15 00:00:00,763826,RAIN,1,NCM,900,1,1,1011,0.9,0,9,NA,NA,NA
1993-04-16 00:00:00,763826,RAIN,1,NCM,900,1,1,1011,11,0,9,NA,NA,NA
1993-04-17 00:00:00,763826,RAIN,1,NCM,900,1,1,1011,1.5,0,9,NA,NA,NA
1993-04-18 00:00:00,763826,RAIN,1,NCM,900,1,1,1011,1.5,0,9,NA,NA,NA
1993-04-19 00:00:00,763826,RAIN,1,NCM,900,1,1,1011,0.1,0,9,NA,NA,NA
1993-04-20 00:00:00,763826,RAIN,1,NCM,900,1,1,1011,6.5,0,9,NA,NA,NA
1993-04-21 00:00:00,763826,RAIN,1,NCM,900,1,1,1011,5.3,0,9,NA,NA,NA
1993-04-22 00:00:00,763826,RAIN,1,NCM,900,1,1,1011,0.7,0,9,NA,NA,NA
1993-04-23 00:00:00,763826,RAIN,1,NCM,900,1,1,1011,2.8,0,9,NA,NA,NA
1993-04-24 00:00:00,763826,RAIN,1,NCM,900,1,1,1011,6.1,0,9,NA,NA,NA
1993-04-25 00:00:00,763826,RAIN,1,NCM,900,1,1,1011,0.8,0,9,NA,NA,NA
1993-04-26 00:00:00,763826,RAIN,1,NCM,900,1,1,1011,0,0,9,NA,NA,NA
1993-04-27 00:00:00,763826,RAIN,1,NCM,900,1,1,1011,0,0,9,NA,NA,NA
1993-04-28 00:00:00,763826,RAIN,1,NCM,900,1,1,1011,0,0,9,NA,NA,NA
1993-04-29 00:00:00,763826,RAIN,1,NCM,900,1,1,1011,0,0,9,NA,NA,NA
1993-04-30 00:00:00,763826,RAIN,1,NCM,900,1,1,1011,0,0,9,NA,NA,NA
1993-05-01 00:00:00,763826,RAIN,1,NCM,900,1,1,1011,5,0,9,NA,NA,NA
1993-05-02 00:00:00,763826,RAIN,1,NCM,900,1,1,1011,0,0,10009,NA,NA,NA
1993-05-03 00:00:00,763826,RAIN,1,NCM,900,1,1,1011,1.7,0,9,NA,NA,NA
1993-05-04 00:00:00,763826,RAIN,1,NCM,900,1,1,1011,0.5,0,9,NA,NA,NA
1993-05-05 00:00:00,763826,RAIN,1,NCM,900,1,1,1011,1.3,0,9,NA,NA,NA
1993-05-06 00:00:00,763826,RAIN,1,NCM,900,1,1,1011,0,0,9,NA,NA,NA
1993-05-07 00:00:00,763826,RAIN,1,NCM,900,1,1,1011,2,0,9,NA,NA,NA
1993-05-08 00:00:00,763826,RAIN,1,NCM,900,1,1,1011,0.6,0,9,NA,NA,NA
1993-05-09 00:00:00,763826,RAIN,1,NCM,900,1,1,1011,0,0,9,NA,NA,NA
1993-05-10 00:00:00,763826,RAIN,1,NCM,900,1,1,1011,0,0,9,NA,NA,NA
1993-05-11 00:00:00,763826,RAIN,1,NCM,900,1,1,1011,0,0,10009,NA,NA,NA
1993-05-12 00:00:00,763826,RAIN,1,NCM,900,1,1,1011,0,0,9,NA,NA,NA
1993-05-13 00:00:00,763826,RAIN,1,NCM,900,1,1,1011,4.3,0,9,NA,NA,NA
1993-05-14 00:00:00,763826,RAIN,1,NCM,900,1,1,1011,0.6,0,9,NA,NA,NA
1993-05-15 00:00:00,763826,RAIN,1,NCM,900,1,1,1011,4.8,0,9,NA,NA,NA
1993-05-16 00:00:00,763826,RAIN,1,NCM,900,1,1,1011,6.4,0,9,NA,NA,NA
1993-05-17 00:00:00,763826,RAIN,1,NCM,900,1,1,1011,0,0,10009,NA,NA,NA
1993-05-18 00:00:00,763826,RAIN,1,NCM,900,1,1,1011,11.4,0,9,NA,NA,NA
1993-05-19 00:00:00,763826,RAIN,1,NCM,900,1,1,1011,0,0,9,NA,NA,NA
1993-05-20 00:00:00,763826,RAIN,1,NCM,900,1,1,1011,2.7,0,9,NA,NA,NA
1993-05-21 00:00:00,763826,RAIN,1,NCM,900,1,1,1011,0.4,0,9,NA,NA,NA
1993-05-22 00:00:00,763826,RAIN,1,NCM,900,1,1,1011,0.2,0,9,NA,NA,NA
1993-05-23 00:00:00,763826,RAIN,1,NCM,900,1,1,1011,16.9,0,9,NA,NA,NA
1993-05-24 00:00:00,763826,RAIN,1,NCM,900,1,1,1011,0.1,0,9,NA,NA,NA
1993-05-25 00:00:00,763826,RAIN,1,NCM,900,1,1,1011,1,0,9,NA,NA,NA
1993-05-26 00:00:00,763826,RAIN,1,NCM,900,1,1,1011,0,0,9,NA,NA,NA
1993-05-27 00:00:00,763826,RAIN,1,NCM,900,1,1,1011,0,0,9,NA,NA,NA
1993-05-28 00:00:00,763826,RAIN,1,NCM,900,1,1,1011,0.1,0,9,NA,NA,NA
1993-05-29 00:00:00,763826,RAIN,1,NCM,900,1,1,1011,0.3,0,9,NA,NA,NA
1993-05-30 00:00:00,763826,RAIN,1,NCM,900,1,1,1011,0,0,9,NA,NA,NA
1993-05-31 00:00:00,763826,RAIN,1,NCM,900,1,1,1011,0.2,0,9,NA,NA,NA
1993-06-01 00:00:00,763826,RAIN,1,NCM,900,1,1,1011,0.8,0,9,NA,NA,NA
1993-06-02 00:00:00,763826,RAIN,1,NCM,900,1,1,1011,0.1,0,9,NA,NA,NA
1993-06-03 00:00:00,763826,RAIN,1,NCM,900,1,1,1011,0,0,9,NA,NA,NA
1993-06-04 00:00:00,763826,RAIN,1,NCM,900,1,1,1011,3.4,0,9,NA,NA,NA
1993-06-05 00:00:00,763826,RAIN,1,NCM,900,1,1,1011,4.9,0,9,NA,NA,NA
1993-06-06 00:00:00,763826,RAIN,1,NCM,900,1,1,1011,1.5,0,9,NA,NA,NA
1993-06-07 00:00:00,763826,RAIN,1,NCM,900,1,1,1011,1.2,0,9,NA,NA,NA
1993-06-08 00:00:00,763826,RAIN,1,NCM,900,1,1,1011,0.2,0,9,NA,NA,NA
1993-06-09 00:00:00,763826,RAIN,1,NCM,900,1,1,1011,0,0,9,NA,NA,NA
1993-06-10 00:00:00,763826,RAIN,1,NCM,900,1,1,1011,0,0,9,NA,NA,NA
1993-06-11 00:00:00,763826,RAIN,1,NCM,900,1,1,1011,0,0,9,NA,NA,NA
1993-06-12 00:00:00,763826,RAIN,1,NCM,900,1,1,1011,0,0,9,NA,NA,NA
1993-06-13 00:00:00,763826,RAIN,1,NCM,900,1,1,1011,0,0,9,NA,NA,NA
1993-06-14 00:00:00,763826,RAIN,1,NCM,900,1,1,1011,0,0,9,NA,NA,NA
1993-06-15 00:00:00,763826,RAIN,1,NCM,900,1,1,1011,1.5,0,9,NA,NA,NA
1993-06-16 00:00:00,763826,RAIN,1,NCM,900,1,1,1011,1,0,9,NA,NA,NA
1993-06-17 00:00:00,763826,RAIN,1,NCM,900,1,1,1011,0.3,0,9,NA,NA,NA
1993-06-18 00:00:00,763826,RAIN,1,NCM,900,1,1,1011,0,0,9,NA,NA,NA
1993-06-19 00:00:00,763826,RAIN,1,NCM,900,1,1,1011,0,0,9,NA,NA,NA
1993-06-20 00:00:00,763826,RAIN,1,NCM,900,1,1,1011,0.9,0,9,NA,NA,NA
1993-06-21 00:00:00,763826,RAIN,1,NCM,900,1,1,1011,0.1,0,9,NA,NA,NA
1993-06-22 00:00:00,763826,RAIN,1,NCM,900,1,1,1011,0,0,9,NA,NA,NA
1993-06-23 00:00:00,763826,RAIN,1,NCM,900,1,1,1011,0,0,10009,NA,NA,NA
1993-06-24 00:00:00,763826,RAIN,1,NCM,900,1,1,1011,0.3,0,9,NA,NA,NA
1993-06-25 00:00:00,763826,RAIN,1,NCM,900,1,1,1011,0.2,0,9,NA,NA,NA
1993-06-26 00:00:00,763826,RAIN,1,NCM,900,1,1,1011,6.9,0,9,NA,NA,NA
1993-06-27 00:00:00,763826,RAIN,1,NCM,900,1,1,1011,6.2,0,9,NA,NA,NA
1993-06-28 00:00:00,763826,RAIN,1,NCM,900,1,1,1011,0.1,0,9,NA,NA,NA
1993-06-29 00:00:00,763826,RAIN,1,NCM,900,1,1,1011,0.2,0,9,NA,NA,NA
1993-06-30 00:00:00,763826,RAIN,1,NCM,900,1,1,1011,0.2,0,9,NA,NA,NA
1993-07-01 00:00:00,763826,RAIN,1,NCM,900,1,1,1011,10.1,0,9,NA,NA,NA
1993-07-02 00:00:00,763826,RAIN,1,NCM,900,1,1,1011,1.7,0,9,NA,NA,NA
1993-07-03 00:00:00,763826,RAIN,1,NCM,900,1,1,1011,1.8,0,9,NA,NA,NA
1993-07-04 00:00:00,763826,RAIN,1,NCM,900,1,1,1011,4.5,0,9,NA,NA,NA
1993-07-05 00:00:00,763826,RAIN,1,NCM,900,1,1,1011,0.5,0,9,NA,NA,NA
1993-07-06 00:00:00,763826,RAIN,1,NCM,900,1,1,1011,6.1,0,9,NA,NA,NA
1993-07-07 00:00:00,763826,RAIN,1,NCM,900,1,1,1011,0.4,0,9,NA,NA,NA
1993-07-08 00:00:00,763826,RAIN,1,NCM,900,1,1,1011,7.5,0,9,NA,NA,NA
1993-07-09 00:00:00,763826,RAIN,1,NCM,900,1,1,1011,0.5,0,9,NA,NA,NA
1993-07-10 00:00:00,763826,RAIN,1,NCM,900,1,1,1011,4.1,0,9,NA,NA,NA
1993-07-11 00:00:00,763826,RAIN,1,NCM,900,1,1,1011,1.1,0,9,NA,NA,NA
1993-07-12 00:00:00,763826,RAIN,1,NCM,900,1,1,1011,4.7,0,9,NA,NA,NA
1993-07-13 00:00:00,763826,RAIN,1,NCM,900,1,1,1011,0,0,10009,NA,NA,NA
1993-07-14 00:00:00,763826,RAIN,1,NCM,900,1,1,1011,0,0,10009,NA,NA,NA
1993-07-15 00:00:00,763826,RAIN,1,NCM,900,1,1,1011,0,0,10009,NA,NA,NA
1993-07-16 00:00:00,763826,RAIN,1,NCM,900,1,1,1011,0,0,9,NA,NA,NA
1993-07-17 00:00:00,763826,RAIN,1,NCM,900,1,1,1011,0,0,9,NA,NA,NA
1993-07-18 00:00:00,763826,RAIN,1,NCM,900,1,1,1011,0.2,0,9,NA,NA,NA
1993-07-19 00:00:00,763826,RAIN,1,NCM,900,1,1,1011,0.1,0,9,NA,NA,NA
1993-07-20 00:00:00,763826,RAIN,1,NCM,900,1,1,1011,0.7,0,9,NA,NA,NA
1993-07-21 00:00:00,763826,RAIN,1,NCM,900,1,1,1011,0.9,0,9,NA,NA,NA
1993-12-02 00:00:00,763826,RAIN,1,NCM,900,1,1,1011,7.4,0,9,NA,NA,NA
1993-12-03 00:00:00,763826,RAIN,1,NCM,900,1,1,1011,6.6,0,9,NA,NA,NA
1993-12-04 00:00:00,763826,RAIN,1,NCM,900,1,1,1011,11.2,0,9,NA,NA,NA
1993-12-05 00:00:00,763826,RAIN,1,NCM,900,1,1,1011,3.2,0,9,NA,NA,NA
1993-12-06 00:00:00,763826,RAIN,1,NCM,900,1,1,1011,5.2,0,9,NA,NA,NA
1993-12-07 00:00:00,763826,RAIN,1,NCM,900,1,1,1011,11.7,0,9,NA,NA,NA
1993-12-08 00:00:00,763826,RAIN,1,NCM,900,1,1,1011,7.5,0,9,NA,NA,NA
1993-12-09 00:00:00,763826,RAIN,1,NCM,900,1,1,1011,2.2,0,9,NA,NA,NA
1993-12-10 00:00:00,763826,RAIN,1,NCM,900,1,1,1011,0.6,0,9,NA,NA,NA
1993-12-11 00:00:00,763826,RAIN,1,NCM,900,1,1,1011,1.6,0,9,NA,NA,NA
1993-12-12 00:00:00,763826,RAIN,1,NCM,900,1,1,1011,1.4,0,9,NA,NA,NA
1993-12-13 00:00:00,763826,RAIN,1,NCM,900,1,1,1011,0,0,9,NA,NA,NA
1993-12-14 00:00:00,763826,RAIN,1,NCM,900,1,1,1011,1.4,0,9,NA,NA,NA
1993-12-15 00:00:00,763826,RAIN,1,NCM,900,1,1,1011,13.4,0,9,NA,NA,NA
1993-12-16 00:00:00,763826,RAIN,1,NCM,900,1,1,1011,1.4,0,9,NA,NA,NA
1993-12-17 00:00:00,763826,RAIN,1,NCM,900,1,1,1011,1.8,0,9,NA,NA,NA
1993-12-18 00:00:00,763826,RAIN,1,NCM,900,1,1,1011,11.9,0,9,NA,NA,NA
1993-12-19 00:00:00,763826,RAIN,1,NCM,900,1,1,1011,18.1,0,9,NA,NA,NA
1993-12-20 00:00:00,763826,RAIN,1,NCM,900,1,1,1011,3.5,0,9,NA,NA,NA
1993-12-21 00:00:00,763826,RAIN,1,NCM,900,1,1,1011,9.7,0,9,NA,NA,NA
1993-12-22 00:00:00,763826,RAIN,1,NCM,900,1,1,1011,1.7,0,9,NA,NA,NA
1993-12-23 00:00:00,763826,RAIN,1,NCM,900,1,1,1011,1,0,9,NA,NA,NA
1993-12-24 00:00:00,763826,RAIN,1,NCM,900,1,1,1011,12.8,0,9,NA,NA,NA
1993-12-25 00:00:00,763826,RAIN,1,NCM,900,1,1,1011,0,0,9,NA,NA,NA
1993-12-26 00:00:00,763826,RAIN,1,NCM,900,1,1,1011,0,0,9,NA,NA,NA
1993-12-27 00:00:00,763826,RAIN,1,NCM,900,1,1,1011,0,0,9,NA,NA,NA
1993-12-28 00:00:00,763826,RAIN,1,NCM,900,1,1,1011,1.5,0,9,NA,NA,NA
1993-12-29 00:00:00,763826,RAIN,1,NCM,900,1,1,1011,5.4,0,9,NA,NA,NA
1993-12-30 00:00:00,763826,RAIN,1,NCM,900,1,1,1011,16.3,0,9,NA,NA,NA
1993-12-31 00:00:00,763826,RAIN,1,NCM,900,1,1,1011,2.6,0,9,NA,NA,NA
end data
