Conventions,G,BADC-CSV,1
title,G,uk-daily-rain-obs
source,G,Met Office MIDAS database
creator,G,Met Office
activity,G,Met Office MIDAS Open: UK Land Surface Stations Data
feature_type,G,point series
collection_name,G,midas-open
collection_version_number,G,dataset-version-202107
history,G,Created 2021-07-15
last_revised_date,G,2021-07-15
observation_station,G,foula
historic_county_name,G,shetland
midas_station_id,G,00001
location,G,60.154,-2.074
height,G,22,m
date_valid,G,1997-01-01 00:00:00,1997-12-31 23:59:59
midas_qc_version_number,G,1
comments,G,The midas_qc_version_number indicates if the data are original received message (0) or current best version (1)
comments,G,This file contains station observations
comments,G,missing values are identified with the missing data flag
missing_value,G,NA
coordinate_variable,ob_date,t
long_name,ob_date,Date of observation,s
type,ob_date,char
comments,ob_date,Date and time (YYYY-MM-DD HH:MM:SS) of the observation
long_name,id,station identifier,1
type,id,char
comments,id,a station may have more than one id assigned to it designated by the id_type
long_name,id_type,identifier type,1
type,id_type,char
comments,id_type,a station may have more than one id assigned to it defined by id_type
long_name,version_num,midas qc version number,1
type,version_num,int
comments,version_num,The midas_qc_version_number indicates if the data are original received message (0) or current best version (1)
long_name,met_domain_name,message type,1
type,met_domain_name,char
comments,met_domain_name,message type (see MIDAS documentation)
long_name,ob_day_cnt,Observation day count,day
type,ob_day_cnt,int
long_name,ob_end_ctime,clock time at end of observation as HHMM,s
type,ob_end_ctime,char
long_name,src_id,unique source identifier or station site number,1
type,src_id,int
comments,src_id,unique source identifier or station site number
long_name,rec_st_ind,state indicator for the record,1
type,rec_st_ind,int
comments,rec_st_ind,state indicator for the current stage in the life of the record (see MIDAS documentation)
long_name,prcp_amt,Precipitation amount,mm
type,prcp_amt,float
long_name,ob_day_cnt_q,QC code: observation day count,1
type,ob_day_cnt_q,int
long_name,prcp_amt_q,QC code: precipitation amount,1
type,prcp_amt_q,int
long_name,prcp_amt_j,Descriptor: precipitation amount,1
type,prcp_amt_j,int
long_name,meto_stmp_time,Met Office receipt stamp time,s
type,meto_stmp_time,char
comments,meto_stmp_time,Met Office receipt stampe time in format (YYYY-MM-DD HH:MM:SS)
long_name,midas_stmp_etime,Elapsed time to storage in MIDAS ,minutes
type,midas_stmp_etime,int
data
ob_date,id,id_type,version_num,met_domain_name,ob_end_ctime,ob_day_cnt,src_id,rec_st_ind,prcp_amt,ob_day_cnt_q,prcp_amt_q,prcp_amt_j,meto_stmp_time,midas_stmp_etime
1997-01-01 00:00:00,763826,RAIN,1,NCM,900,1,1,1010,1.6,0,0,NA,NA,NA
1997-01-02 00:00:00,763826,RAIN,1,NCM,900,1,1,1011,5,0,6,NA,NA,NA
1997-01-03 00:00:00,763826,RAIN,1,NCM,900,1,1,1011,0.1,0,6,NA,NA,NA
1997-01-04 00:00:00,763826,RAIN,1,NCM,900,1,1,1011,0.2,0,6,NA,NA,NA
1997-01-05 00:00:00,763826,RAIN,1,NCM,900,1,1,1011,1.3,0,6,NA,NA,NA
1997-01-06 00:00:00,763826,RAIN,1,NCM,900,1,1,1011,0.2,0,6,NA,NA,NA
1997-01-07 00:00:00,763826,RAIN,1,NCM,900,1,1,1011,1.4,0,6,NA,NA,NA
1997-01-08 00:00:00,763826,RAIN,1,NCM,900,1,1,1011,2.6,0,6,NA,NA,NA
1997-01-09 00:00:00,763826,RAIN,1,NCM,900,1,1,1011,0.3,0,6,NA,NA,NA
1997-01-10 00:00:00,763826,RAIN,1,NCM,900,1,1,1011,0.9,0,6,NA,NA,NA
1997-01-11 00:00:00,763826,RAIN,1,NCM,900,1,1,1011,1.8,0,6,NA,NA,NA
1997-01-12 00:00:00,763826,RAIN,1,NCM,900,1,1,1011,22.1,0,6,NA,NA,NA
1997-01-13 00:00:00,763826,RAIN,1,NCM,900,1,1,1011,9.4,0,6,NA,NA,NA
1997-01-14 00:00:00,763826,RAIN,1,NCM,900,1,1,1011,6.5,0,6,NA,NA,NA
1997-01-15 00:00:00,763826,RAIN,1,NCM,900,1,1,1011,3.1,0,6,NA,NA,NA
1997-01-16 00:00:00,763826,RAIN,1,NCM,900,1,1,1011,0.1,0,6,NA,NA,NA
1997-01-17 00:00:00,763826,RAIN,1,NCM,900,1,1,1011,0,0,10006,NA,NA,NA
1997-01-18 00:00:00,763826,RAIN,1,NCM,900,1,1,1011,6,0,6,NA,NA,NA
1997-01-19 00:00:00,763826,RAIN,1,NCM,900,1,1,1011,2.6,0,6,NA,NA,NA
1997-01-20 00:00:00,763826,RAIN,1,NCM,900,1,1,1011,0.3,0,6,NA,NA,NA
1997-01-21 00:00:00,763826,RAIN,1,NCM,900,1,1,1011,0.4,0,6,NA,NA,NA
1997-01-22 00:00:00,763826,RAIN,1,NCM,900,1,1,1011,1.9,0,6,NA,NA,NA
1997-01-23 00:00:00,763826,RAIN,1,NCM,900,1,1,1011,6.7,0,6,NA,NA,NA
1997-01-24 00:00:00,763826,RAIN,1,NCM,900,1,1,1011,0.2,0,6,NA,NA,NA
1997-01-25 00:00:00,763826,RAIN,1,NCM,900,1,1,1011,1.3,0,6,NA,NA,NA
1997-01-26 00:00:00,763826,RAIN,1,NCM,900,1,1,1011,0,0,10006,NA,NA,NA
1997-01-27 00:00:00,763826,RAIN,1,NCM,900,1,1,1011,3.2,0,6,NA,NA,NA
1997-01-28 00:00:00,763826,RAIN,1,NCM,900,1,1,1011,0.1,0,6,NA,NA,NA
1997-01-29 00:00:00,763826,RAIN,1,NCM,900,1,1,1011,0.7,0,6,NA,NA,NA
1997-01-30 00:00:00,763826,RAIN,1,NCM,900,1,1,1011,0.2,0,6,NA,NA,NA
1997-01-31 00:00:00,763826,RAIN,1,NCM,900,1,1,1011,0.3,0,6,NA,NA,NA
1997-02-01 00:00:00,763826,RAIN,1,NCM,900,1,1,1011,0,0,6,NA,NA,NA
1997-02-02 00:00:00,763826,RAIN,1,NCM,900,1,1,1001,1.8,0,6,NA,NA,NA
1997-02-03 00:00:00,763826,RAIN,1,NCM,900,1,1,1001,2.7,0,6,NA,NA,NA
1997-02-04 00:00:00,763826,RAIN,1,NCM,900,1,1,1001,6.6,0,6,NA,NA,NA
1997-02-05 00:00:00,763826,RAIN,1,NCM,900,1,1,1001,0.1,0,6,NA,NA,NA
1997-02-06 00:00:00,763826,RAIN,1,NCM,900,1,1,1001,5.2,0,6,NA,NA,NA
1997-02-07 00:00:00,763826,RAIN,1,NCM,900,1,1,1001,4.2,0,6,NA,NA,NA
1997-02-08 00:00:00,763826,RAIN,1,NCM,900,1,1,1001,6,0,6,NA,NA,NA
1997-02-09 00:00:00,763826,RAIN,1,NCM,900,1,1,1001,19.4,0,6,NA,NA,NA
1997-02-10 00:00:00,763826,RAIN,1,NCM,900,1,1,1001,3.5,0,6,NA,NA,NA
1997-02-11 00:00:00,763826,RAIN,1,NCM,900,1,1,1001,10.3,0,6,NA,NA,NA
1997-02-12 00:00:00,763826,RAIN,1,NCM,900,1,1,1001,2.9,0,6,NA,NA,NA
1997-02-13 00:00:00,763826,RAIN,1,NCM,900,1,1,1001,1,0,6,NA,NA,NA
1997-02-14 00:00:00,763826,RAIN,1,NCM,900,1,1,1001,0.6,0,6,NA,NA,NA
1997-02-15 00:00:00,763826,RAIN,1,NCM,900,1,1,1001,0.4,0,6,NA,NA,NA
1997-02-16 00:00:00,763826,RAIN,1,NCM,900,1,1,1001,1.1,0,6,NA,NA,NA
1997-02-17 00:00:00,763826,RAIN,1,NCM,900,1,1,1001,9.3,0,6,NA,NA,NA
1997-02-18 00:00:00,763826,RAIN,1,NCM,900,1,1,1001,13.6,0,6,NA,NA,NA
1997-02-19 00:00:00,763826,RAIN,1,NCM,900,1,1,1001,7.1,0,6,NA,NA,NA
1997-02-20 00:00:00,763826,RAIN,1,NCM,900,1,1,1001,15.4,0,6,NA,NA,NA
1997-02-21 00:00:00,763826,RAIN,1,NCM,900,1,1,1001,9.2,0,6,NA,NA,NA
1997-02-22 00:00:00,763826,RAIN,1,NCM,900,1,1,1001,14.8,0,6,NA,NA,NA
1997-02-23 00:00:00,763826,RAIN,1,NCM,900,1,1,1001,14.6,0,6,NA,NA,NA
1997-02-24 00:00:00,763826,RAIN,1,NCM,900,1,1,1001,9.3,0,6,NA,NA,NA
1997-02-25 00:00:00,763826,RAIN,1,NCM,900,1,1,1001,5.7,0,6,NA,NA,NA
1997-02-26 00:00:00,763826,RAIN,1,NCM,900,1,1,1001,1,0,6,NA,NA,NA
1997-02-27 00:00:00,763826,RAIN,1,NCM,900,1,1,1011,0.7,0,6,NA,NA,NA
1997-02-28 00:00:00,763826,RAIN,1,NCM,900,1,1,1011,11.5,0,6,NA,NA,NA
1997-03-01 00:00:00,763826,RAIN,1,NCM,900,1,1,1011,15.2,0,6,NA,NA,NA
1997-03-02 00:00:00,763826,RAIN,1,NCM,900,1,1,1011,27.5,0,6,NA,NA,NA
1997-03-03 00:00:00,763826,RAIN,1,NCM,900,1,1,1011,5.9,0,6,NA,NA,NA
1997-03-04 00:00:00,763826,RAIN,1,NCM,900,1,1,1011,2.3,0,6,NA,NA,NA
1997-03-05 00:00:00,763826,RAIN,1,NCM,900,1,1,1011,3.2,0,6,NA,NA,NA
1997-03-06 00:00:00,763826,RAIN,1,NCM,900,1,1,1011,3.1,0,6,NA,NA,NA
1997-03-07 00:00:00,763826,RAIN,1,NCM,900,1,1,1011,2.3,0,6,NA,NA,NA
1997-03-08 00:00:00,763826,RAIN,1,NCM,900,1,1,1011,3.3,0,6,NA,NA,NA
1997-03-09 00:00:00,763826,RAIN,1,NCM,900,1,1,1011,0.1,0,6,NA,NA,NA
1997-03-10 00:00:00,763826,RAIN,1,NCM,900,1,1,1011,0,0,10006,NA,NA,NA
1997-03-11 00:00:00,763826,RAIN,1,NCM,900,1,1,1011,0,0,10006,NA,NA,NA
1997-03-12 00:00:00,763826,RAIN,1,NCM,900,1,1,1011,0,0,10006,NA,NA,NA
1997-03-13 00:00:00,763826,RAIN,1,NCM,900,1,1,1011,0.4,0,6,NA,NA,NA
1997-03-14 00:00:00,763826,RAIN,1,NCM,900,1,1,1011,6.1,0,6,NA,NA,NA
1997-03-15 00:00:00,763826,RAIN,1,NCM,900,1,1,1011,0.2,0,6,NA,NA,NA
1997-03-16 00:00:00,763826,RAIN,1,NCM,900,1,1,1011,0.2,0,6,NA,NA,NA
1997-03-17 00:00:00,763826,RAIN,1,NCM,900,1,1,1011,7.4,0,6,NA,NA,NA
1997-03-18 00:00:00,763826,RAIN,1,NCM,900,1,1,1011,17.5,0,6,NA,NA,NA
1997-03-19 00:00:00,763826,RAIN,1,NCM,900,1,1,1011,1.4,0,6,NA,NA,NA
1997-03-20 00:00:00,763826,RAIN,1,NCM,900,1,1,1011,10.4,0,6,NA,NA,NA
1997-03-21 00:00:00,763826,RAIN,1,NCM,900,1,1,1011,0.8,0,6,NA,NA,NA
1997-03-22 00:00:00,763826,RAIN,1,NCM,900,1,1,1011,0.7,0,6,NA,NA,NA
1997-03-23 00:00:00,763826,RAIN,1,NCM,900,1,1,1011,5.6,0,6,NA,NA,NA
1997-03-24 00:00:00,763826,RAIN,1,NCM,900,1,1,1011,3.4,0,6,NA,NA,NA
1997-03-25 00:00:00,763826,RAIN,1,NCM,900,1,1,1011,12.2,0,6,NA,NA,NA
1997-03-26 00:00:00,763826,RAIN,1,NCM,900,1,1,1011,11.9,0,6,NA,NA,NA
1997-03-27 00:00:00,763826,RAIN,1,NCM,900,1,1,1011,12.9,0,6,NA,NA,NA
1997-03-28 00:00:00,763826,RAIN,1,NCM,900,1,1,1011,2.4,0,6,NA,NA,NA
1997-03-29 00:00:00,763826,RAIN,1,NCM,900,1,1,1011,1.2,0,6,NA,NA,NA
1997-03-30 00:00:00,763826,RAIN,1,NCM,900,1,1,1011,6.6,0,6,NA,NA,NA
1997-03-31 00:00:00,763826,RAIN,1,NCM,900,1,1,1011,1.7,0,6,NA,NA,NA
1997-04-01 00:00:00,763826,RAIN,1,NCM,900,1,1,1011,4.3,0,6,NA,NA,NA
1997-04-02 00:00:00,763826,RAIN,1,NCM,900,1,1,1011,5.6,0,6,NA,NA,NA
1997-04-03 00:00:00,763826,RAIN,1,NCM,900,1,1,1011,23.3,0,6,NA,NA,NA
1997-04-04 00:00:00,763826,RAIN,1,NCM,900,1,1,1011,3.4,0,6,NA,NA,NA
1997-04-05 00:00:00,763826,RAIN,1,NCM,900,1,1,1011,14,0,6,NA,NA,NA
1997-04-06 00:00:00,763826,RAIN,1,NCM,900,1,1,1011,0.4,0,6,NA,NA,NA
1997-04-07 00:00:00,763826,RAIN,1,NCM,900,1,1,1011,6.4,0,6,NA,NA,NA
1997-04-08 00:00:00,763826,RAIN,1,NCM,900,1,1,1011,1.4,0,6,NA,NA,NA
1997-04-09 00:00:00,763826,RAIN,1,NCM,900,1,1,1011,2.6,0,6,NA,NA,NA
1997-04-10 00:00:00,763826,RAIN,1,NCM,900,1,1,1011,2.8,0,6,NA,NA,NA
1997-04-11 00:00:00,763826,RAIN,1,NCM,900,1,1,1011,0.4,0,6,NA,NA,NA
1997-04-12 00:00:00,763826,RAIN,1,NCM,900,1,1,1011,0.1,0,6,NA,NA,NA
1997-04-13 00:00:00,763826,RAIN,1,NCM,900,1,1,1011,1.7,0,6,NA,NA,NA
1997-04-14 00:00:00,763826,RAIN,1,NCM,900,1,1,1011,0.1,0,6,NA,NA,NA
1997-04-15 00:00:00,763826,RAIN,1,NCM,900,1,1,1011,0,0,10006,NA,NA,NA
1997-04-16 00:00:00,763826,RAIN,1,NCM,900,1,1,1022,0.1,0,6,NA,NA,NA
1997-04-17 00:00:00,763826,RAIN,1,NCM,900,1,1,1011,0,0,10006,NA,NA,NA
1997-04-18 00:00:00,763826,RAIN,1,NCM,900,1,1,1001,0.5,0,6,NA,NA,NA
1997-04-19 00:00:00,763826,RAIN,1,NCM,900,1,1,1011,0.1,0,6,NA,NA,NA
1997-04-20 00:00:00,763826,RAIN,1,NCM,900,1,1,1011,0,0,6,NA,NA,NA
1997-04-21 00:00:00,763826,RAIN,1,NCM,900,1,1,1001,4.1,0,6,NA,NA,NA
1997-04-22 00:00:00,763826,RAIN,1,NCM,900,1,1,1011,0.3,0,6,NA,NA,NA
1997-04-23 00:00:00,763826,RAIN,1,NCM,900,1,1,1011,0,0,10006,NA,NA,NA
1997-04-24 00:00:00,763826,RAIN,1,NCM,900,1,1,1011,16.3,0,6,NA,NA,NA
1997-04-25 00:00:00,763826,RAIN,1,NCM,900,1,1,1011,0.1,0,6,NA,NA,NA
1997-04-26 00:00:00,763826,RAIN,1,NCM,900,1,1,1011,0,0,10006,NA,NA,NA
1997-04-27 00:00:00,763826,RAIN,1,NCM,900,1,1,1011,3.6,0,6,NA,NA,NA
1997-04-28 00:00:00,763826,RAIN,1,NCM,900,1,1,1011,3.6,0,6,NA,NA,NA
1997-04-29 00:00:00,763826,RAIN,1,NCM,900,1,1,1011,9.1,0,6,NA,NA,NA
1997-04-30 00:00:00,763826,RAIN,1,NCM,900,1,1,1011,0.9,0,6,NA,NA,NA
1997-05-01 00:00:00,763826,RAIN,1,NCM,900,1,1,1011,3.1,0,6,NA,NA,NA
1997-05-02 00:00:00,763826,RAIN,1,NCM,900,1,1,1011,0.3,0,6,NA,NA,NA
1997-05-03 00:00:00,763826,RAIN,1,NCM,900,1,1,1011,0.1,0,6,NA,NA,NA
1997-05-04 00:00:00,763826,RAIN,1,NCM,900,1,1,1011,0.3,0,6,NA,NA,NA
1997-05-05 00:00:00,763826,RAIN,1,NCM,900,1,1,1011,0.5,0,6,NA,NA,NA
1997-05-06 00:00:00,763826,RAIN,1,NCM,900,1,1,1011,0.9,0,6,NA,NA,NA
1997-05-07 00:00:00,763826,RAIN,1,NCM,900,1,1,1011,3.2,0,6,NA,NA,NA
1997-05-08 00:00:00,763826,RAIN,1,NCM,900,1,1,1011,0.7,0,6,NA,NA,NA
1997-05-09 00:00:00,763826,RAIN,1,NCM,900,1,1,1011,9.8,0,6,NA,NA,NA
1997-05-10 00:00:00,763826,RAIN,1,NCM,900,1,1,1011,4.6,0,6,NA,NA,NA
1997-05-11 00:00:00,763826,RAIN,1,NCM,900,1,1,1011,0.4,0,6,NA,NA,NA
1997-05-12 00:00:00,763826,RAIN,1,NCM,900,1,1,1011,2.4,0,6,NA,NA,NA
1997-05-13 00:00:00,763826,RAIN,1,NCM,900,1,1,1011,0.2,0,6,NA,NA,NA
1997-05-14 00:00:00,763826,RAIN,1,NCM,900,1,1,1011,0.1,0,6,NA,NA,NA
1997-05-15 00:00:00,763826,RAIN,1,NCM,900,1,1,1011,0,0,10006,NA,NA,NA
1997-05-16 00:00:00,763826,RAIN,1,NCM,900,1,1,1011,0,0,10006,NA,NA,NA
1997-05-17 00:00:00,763826,RAIN,1,NCM,900,1,1,1011,0,0,10006,NA,NA,NA
1997-05-18 00:00:00,763826,RAIN,1,NCM,900,1,1,1011,1.7,0,6,NA,NA,NA
1997-05-19 00:00:00,763826,RAIN,1,NCM,900,1,1,1011,0.1,0,6,NA,NA,NA
1997-05-20 00:00:00,763826,RAIN,1,NCM,900,1,1,1011,0,0,6,NA,NA,NA
1997-05-21 00:00:00,763826,RAIN,1,NCM,900,1,1,1011,0,0,10006,NA,NA,NA
1997-05-22 00:00:00,763826,RAIN,1,NCM,900,1,1,1011,0.4,0,6,NA,NA,NA
1997-05-23 00:00:00,763826,RAIN,1,NCM,900,1,1,1011,0.2,0,6,NA,NA,NA
1997-05-24 00:00:00,763826,RAIN,1,NCM,900,1,1,1011,0,0,10006,NA,NA,NA
1997-05-25 00:00:00,763826,RAIN,1,NCM,900,1,1,1011,0,0,10006,NA,NA,NA
1997-05-26 00:00:00,763826,RAIN,1,NCM,900,1,1,1011,13.1,0,6,NA,NA,NA
1997-05-27 00:00:00,763826,RAIN,1,NCM,900,1,1,1011,0.1,0,6,NA,NA,NA
1997-05-28 00:00:00,763826,RAIN,1,NCM,900,1,1,1011,0,0,10006,NA,NA,NA
1997-05-29 00:00:00,763826,RAIN,1,NCM,900,1,1,1011,0,0,10006,NA,NA,NA
1997-05-30 00:00:00,763826,RAIN,1,NCM,900,1,1,1011,0,0,10006,NA,NA,NA
1997-05-31 00:00:00,763826,RAIN,1,NCM,900,1,1,1011,0,0,10006,NA,NA,NA
1997-06-01 00:00:00,763826,RAIN,1,NCM,900,1,1,1011,0,0,10006,NA,NA,NA
1997-06-02 00:00:00,763826,RAIN,1,NCM,900,1,1,1014,0,0,1306,NA,NA,NA
1997-06-03 00:00:00,763826,RAIN,1,NCM,900,1,1,1011,0,0,10006,NA,NA,NA
1997-06-04 00:00:00,763826,RAIN,1,NCM,900,1,1,1011,0,0,6,NA,NA,NA
1997-06-05 00:00:00,763826,RAIN,1,NCM,900,1,1,1011,0,0,6,NA,NA,NA
1997-06-06 00:00:00,763826,RAIN,1,NCM,900,1,1,1011,0,0,6,NA,NA,NA
1997-06-07 00:00:00,763826,RAIN,1,NCM,900,1,1,1011,7.6,0,6,NA,NA,NA
1997-06-08 00:00:00,763826,RAIN,1,NCM,900,1,1,1011,0.1,0,6,NA,NA,NA
1997-06-09 00:00:00,763826,RAIN,1,NCM,900,1,1,1014,0,0,1306,NA,NA,NA
1997-06-10 00:00:00,763826,RAIN,1,NCM,900,1,1,1011,0,0,6,NA,NA,NA
1997-06-11 00:00:00,763826,RAIN,1,NCM,900,1,1,1014,0.5,0,1306,NA,NA,NA
1997-06-12 00:00:00,763826,RAIN,1,NCM,900,1,1,1011,0.3,0,6,NA,NA,NA
1997-06-13 00:00:00,763826,RAIN,1,NCM,900,1,1,1011,13.9,0,6,NA,NA,NA
1997-06-14 00:00:00,763826,RAIN,1,NCM,900,1,1,1011,0.4,0,6,NA,NA,NA
1997-06-15 00:00:00,763826,RAIN,1,NCM,900,1,1,1011,0,0,10006,NA,NA,NA
1997-06-16 00:00:00,763826,RAIN,1,NCM,900,1,1,1011,0,0,10006,NA,NA,NA
1997-06-18 00:00:00,763826,RAIN,1,NCM,900,1,1,1014,0,0,1306,NA,NA,NA
1997-06-19 00:00:00,763826,RAIN,1,NCM,900,1,1,1014,0,0,1306,NA,NA,NA
1997-06-20 00:00:00,763826,RAIN,1,NCM,900,1,1,1014,2,0,1306,NA,NA,NA
1997-06-21 00:00:00,763826,RAIN,1,NCM,900,1,1,1011,0.9,0,6,NA,NA,NA
1997-06-22 00:00:00,763826,RAIN,1,NCM,900,1,1,1011,0,0,10006,NA,NA,NA
1997-06-23 00:00:00,763826,RAIN,1,NCM,900,1,1,1011,0,0,10006,NA,NA,NA
1997-06-24 00:00:00,763826,RAIN,1,NCM,900,1,1,1011,0,0,10006,NA,NA,NA
1997-06-25 00:00:00,763826,RAIN,1,NCM,900,1,1,1011,1.3,0,6,NA,NA,NA
1997-06-26 00:00:00,763826,RAIN,1,NCM,900,1,1,1011,1.4,0,6,NA,NA,NA
1997-06-27 00:00:00,763826,RAIN,1,NCM,900,1,1,1011,0,0,10006,NA,NA,NA
1997-06-28 00:00:00,763826,RAIN,1,NCM,900,1,1,1011,0,0,10006,NA,NA,NA
1997-06-29 00:00:00,763826,RAIN,1,NCM,900,1,1,1011,0,0,6,NA,NA,NA
1997-06-30 00:00:00,763826,RAIN,1,NCM,900,1,1,1011,1.8,0,6,NA,NA,NA
1997-07-01 00:00:00,763826,RAIN,1,NCM,900,1,1,1011,1.9,0,6,NA,NA,NA
1997-07-02 00:00:00,763826,RAIN,1,NCM,900,1,1,1011,1.8,0,6,NA,NA,NA
1997-07-03 00:00:00,763826,RAIN,1,NCM,900,1,1,1011,1.5,0,6,NA,NA,NA
1997-07-04 00:00:00,763826,RAIN,1,NCM,900,1,1,1011,1.5,0,6,NA,NA,NA
1997-07-05 00:00:00,763826,RAIN,1,NCM,900,1,1,1011,0.9,0,6,NA,NA,NA
1997-07-06 00:00:00,763826,RAIN,1,NCM,900,1,1,1011,1.1,0,6,NA,NA,NA
1997-07-07 00:00:00,763826,RAIN,1,NCM,900,1,1,1011,0.2,0,6,NA,NA,NA
1997-07-08 00:00:00,763826,RAIN,1,NCM,900,1,1,1011,2.8,0,6,NA,NA,NA
1997-07-09 00:00:00,763826,RAIN,1,NCM,900,1,1,1011,0.1,0,6,NA,NA,NA
1997-07-10 00:00:00,763826,RAIN,1,NCM,900,1,1,1011,0,0,10006,NA,NA,NA
1997-07-11 00:00:00,763826,RAIN,1,NCM,900,1,1,1011,0,0,10006,NA,NA,NA
1997-07-12 00:00:00,763826,RAIN,1,NCM,900,1,1,1011,0.1,0,6,NA,NA,NA
1997-07-13 00:00:00,763826,RAIN,1,NCM,900,1,1,1011,0,0,10006,NA,NA,NA
1997-07-14 00:00:00,763826,RAIN,1,NCM,900,1,1,1011,7.9,0,6,NA,NA,NA
1997-07-15 00:00:00,763826,RAIN,1,NCM,900,1,1,1011,0,0,10006,NA,NA,NA
1997-07-16 00:00:00,763826,RAIN,1,NCM,900,1,1,1011,1.9,0,6,NA,NA,NA
1997-07-17 00:00:00,763826,RAIN,1,NCM,900,1,1,1011,1.6,0,6,NA,NA,NA
1997-07-18 00:00:00,763826,RAIN,1,NCM,900,1,1,1011,0.1,0,6,NA,NA,NA
1997-07-19 00:00:00,763826,RAIN,1,NCM,900,1,1,1011,0.2,0,6,NA,NA,NA
1997-07-20 00:00:00,763826,RAIN,1,NCM,900,1,1,1011,0,0,10006,NA,NA,NA
1997-07-21 00:00:00,763826,RAIN,1,NCM,900,1,1,1011,0,0,10006,NA,NA,NA
1997-07-22 00:00:00,763826,RAIN,1,NCM,900,1,1,1011,0,0,10006,NA,NA,NA
1997-07-23 00:00:00,763826,RAIN,1,NCM,900,1,1,1011,0,0,10006,NA,NA,NA
1997-07-24 00:00:00,763826,RAIN,1,NCM,900,1,1,1011,0,0,10006,NA,NA,NA
1997-07-25 00:00:00,763826,RAIN,1,NCM,900,1,1,1011,0.5,0,6,NA,NA,NA
1997-07-26 00:00:00,763826,RAIN,1,NCM,900,1,1,1011,0.2,0,6,NA,NA,NA
1997-07-27 00:00:00,763826,RAIN,1,NCM,900,1,1,1011,0,0,10006,NA,NA,NA
1997-07-28 00:00:00,763826,RAIN,1,NCM,900,1,1,1011,0,0,10006,NA,NA,NA
1997-07-29 00:00:00,763826,RAIN,1,NCM,900,1,1,1011,0,0,10006,NA,NA,NA
1997-07-30 00:00:00,763826,RAIN,1,NCM,900,1,1,1011,4.6,0,6,NA,NA,NA
1997-07-31 00:00:00,763826,RAIN,1,NCM,900,1,1,1011,0.2,0,6,NA,NA,NA
1997-08-01 00:00:00,763826,RAIN,1,NCM,900,1,1,1014,3.3,0,1306,NA,NA,NA
1997-08-02 00:00:00,763826,RAIN,1,NCM,900,1,1,1011,16.7,0,6,NA,NA,NA
1997-08-03 00:00:00,763826,RAIN,1,NCM,900,1,1,1011,0.8,0,6,NA,NA,NA
1997-08-04 00:00:00,763826,RAIN,1,NCM,900,1,1,1011,0.2,0,6,NA,NA,NA
1997-08-05 00:00:00,763826,RAIN,1,NCM,900,1,1,1011,0,0,10006,NA,NA,NA
1997-08-06 00:00:00,763826,RAIN,1,NCM,900,1,1,1011,0,0,6,NA,NA,NA
1997-08-07 00:00:00,763826,RAIN,1,NCM,900,1,1,1011,0,0,10006,NA,NA,NA
1997-08-08 00:00:00,763826,RAIN,1,NCM,900,1,1,1011,0,0,6,NA,NA,NA
1997-08-09 00:00:00,763826,RAIN,1,NCM,900,1,1,1022,8.9,0,6,NA,NA,NA
1997-08-10 00:00:00,763826,RAIN,1,NCM,900,1,1,1011,0,0,6,NA,NA,NA
1997-08-11 00:00:00,763826,RAIN,1,NCM,900,1,1,1011,0,0,10006,NA,NA,NA
1997-08-12 00:00:00,763826,RAIN,1,NCM,900,1,1,1014,0,0,1306,NA,NA,NA
1997-08-13 00:00:00,763826,RAIN,1,NCM,900,1,1,1011,0,0,6,NA,NA,NA
1997-08-14 00:00:00,763826,RAIN,1,NCM,900,1,1,1011,0,0,10006,NA,NA,NA
1997-08-15 00:00:00,763826,RAIN,1,NCM,900,1,1,1014,0,0,2306,NA,NA,NA
1997-08-16 00:00:00,763826,RAIN,1,NCM,900,1,1,1022,0,0,6,NA,NA,NA
1997-08-17 00:00:00,763826,RAIN,1,NCM,900,1,1,1014,0,0,1306,NA,NA,NA
1997-08-18 00:00:00,763826,RAIN,1,NCM,900,1,1,1011,0.1,0,6,NA,NA,NA
1997-08-19 00:00:00,763826,RAIN,1,NCM,900,1,1,1011,0,0,10006,NA,NA,NA
1997-08-20 00:00:00,763826,RAIN,1,NCM,900,1,1,1011,0,0,10006,NA,NA,NA
1997-08-21 00:00:00,763826,RAIN,1,NCM,900,1,1,1011,6.7,0,6,NA,NA,NA
1997-08-22 00:00:00,763826,RAIN,1,NCM,900,1,1,1011,8.5,0,6,NA,NA,NA
1997-08-23 00:00:00,763826,RAIN,1,NCM,900,1,1,1011,1.3,0,6,NA,NA,NA
1997-08-24 00:00:00,763826,RAIN,1,NCM,900,1,1,1011,0.1,0,6,NA,NA,NA
1997-08-25 00:00:00,763826,RAIN,1,NCM,900,1,1,1011,0,0,10006,NA,NA,NA
1997-08-26 00:00:00,763826,RAIN,1,NCM,900,1,1,1011,0,0,10006,NA,NA,NA
1997-08-27 00:00:00,763826,RAIN,1,NCM,900,1,1,1011,0,0,10006,NA,NA,NA
1997-08-28 00:00:00,763826,RAIN,1,NCM,900,1,1,1011,15.3,0,6,NA,NA,NA
1997-08-29 00:00:00,763826,RAIN,1,NCM,900,1,1,1011,15.8,0,6,NA,NA,NA
1997-08-30 00:00:00,763826,RAIN,1,NCM,900,1,1,1011,15.8,0,6,NA,NA,NA
1997-08-31 00:00:00,763826,RAIN,1,NCM,900,1,1,1011,0.1,0,6,NA,NA,NA
1997-09-01 00:00:00,763826,RAIN,1,NCM,900,1,1,1011,14.9,0,6,NA,NA,NA
1997-09-02 00:00:00,763826,RAIN,1,NCM,900,1,1,1011,0.2,0,6,NA,NA,NA
1997-09-03 00:00:00,763826,RAIN,1,NCM,900,1,1,1011,0,0,10006,NA,NA,NA
1997-09-04 00:00:00,763826,RAIN,1,NCM,900,1,1,1011,4.4,0,6,NA,NA,NA
1997-09-05 00:00:00,763826,RAIN,1,NCM,900,1,1,1011,7.5,0,6,NA,NA,NA
1997-09-06 00:00:00,763826,RAIN,1,NCM,900,1,1,1011,1.4,0,6,NA,NA,NA
1997-09-07 00:00:00,763826,RAIN,1,NCM,900,1,1,1011,2.1,0,6,NA,NA,NA
1997-09-08 00:00:00,763826,RAIN,1,NCM,900,1,1,1011,2.7,0,6,NA,NA,NA
1997-09-09 00:00:00,763826,RAIN,1,NCM,900,1,1,1011,1.2,0,6,NA,NA,NA
1997-09-10 00:00:00,763826,RAIN,1,NCM,900,1,1,1011,4.8,0,6,NA,NA,NA
1997-09-11 00:00:00,763826,RAIN,1,NCM,900,1,1,1011,2.1,0,6,NA,NA,NA
1997-09-12 00:00:00,763826,RAIN,1,NCM,900,1,1,1011,2.2,0,6,NA,NA,NA
1997-09-13 00:00:00,763826,RAIN,1,NCM,900,1,1,1011,7.5,0,6,NA,NA,NA
1997-09-14 00:00:00,763826,RAIN,1,NCM,900,1,1,1011,0.5,0,6,NA,NA,NA
1997-09-15 00:00:00,763826,RAIN,1,NCM,900,1,1,1011,17.3,0,6,NA,NA,NA
1997-09-16 00:00:00,763826,RAIN,1,NCM,900,1,1,1011,1.6,0,6,NA,NA,NA
1997-09-17 00:00:00,763826,RAIN,1,NCM,900,1,1,1011,6.8,0,6,NA,NA,NA
1997-09-18 00:00:00,763826,RAIN,1,NCM,900,1,1,1011,1.7,0,6,NA,NA,NA
1997-09-19 00:00:00,763826,RAIN,1,NCM,900,1,1,1011,0.3,0,6,NA,NA,NA
1997-09-20 00:00:00,763826,RAIN,1,NCM,900,1,1,1011,0,0,10006,NA,NA,NA
1997-09-21 00:00:00,763826,RAIN,1,NCM,900,1,1,1011,0,0,10006,NA,NA,NA
1997-09-22 00:00:00,763826,RAIN,1,NCM,900,1,1,1011,0,0,10006,NA,NA,NA
1997-09-23 00:00:00,763826,RAIN,1,NCM,900,1,1,1011,0,0,10006,NA,NA,NA
1997-09-24 00:00:00,763826,RAIN,1,NCM,900,1,1,1011,0,0,10006,NA,NA,NA
1997-09-25 00:00:00,763826,RAIN,1,NCM,900,1,1,1011,0,0,10006,NA,NA,NA
1997-09-26 00:00:00,763826,RAIN,1,NCM,900,1,1,1011,0,0,10006,NA,NA,NA
1997-09-27 00:00:00,763826,RAIN,1,NCM,900,1,1,1011,0,0,10006,NA,NA,NA
1997-09-28 00:00:00,763826,RAIN,1,NCM,900,1,1,1011,0.5,0,6,NA,NA,NA
1997-09-29 00:00:00,763826,RAIN,1,NCM,900,1,1,1011,6.6,0,6,NA,NA,NA
1997-09-30 00:00:00,763826,RAIN,1,NCM,900,1,1,1011,3.6,0,6,NA,NA,NA
1997-10-01 00:00:00,763826,RAIN,1,NCM,900,1,1,1011,9.2,0,6,NA,NA,NA
1997-10-02 00:00:00,763826,RAIN,1,NCM,900,1,1,1011,0.5,0,6,NA,NA,NA
1997-10-03 00:00:00,763826,RAIN,1,NCM,900,1,1,1011,9.4,0,6,NA,NA,NA
1997-10-04 00:00:00,763826,RAIN,1,NCM,900,1,1,1011,0.4,0,6,NA,NA,NA
1997-10-05 00:00:00,763826,RAIN,1,NCM,900,1,1,1011,12.5,0,6,NA,NA,NA
1997-10-06 00:00:00,763826,RAIN,1,NCM,900,1,1,1011,5.3,0,6,NA,NA,NA
1997-10-07 00:00:00,763826,RAIN,1,NCM,900,1,1,1011,2.7,0,6,NA,NA,NA
1997-10-08 00:00:00,763826,RAIN,1,NCM,900,1,1,1011,1.2,0,6,NA,NA,NA
1997-10-09 00:00:00,763826,RAIN,1,NCM,900,1,1,1011,1.3,0,6,NA,NA,NA
1997-10-10 00:00:00,763826,RAIN,1,NCM,900,1,1,1011,1.6,0,6,NA,NA,NA
1997-10-11 00:00:00,763826,RAIN,1,NCM,900,1,1,1011,1,0,6,NA,NA,NA
1997-10-12 00:00:00,763826,RAIN,1,NCM,900,1,1,1011,0.4,0,6,NA,NA,NA
1997-10-13 00:00:00,763826,RAIN,1,NCM,900,1,1,1011,6.3,0,6,NA,NA,NA
1997-10-14 00:00:00,763826,RAIN,1,NCM,900,1,1,1011,2.2,0,6,NA,NA,NA
1997-10-15 00:00:00,763826,RAIN,1,NCM,900,1,1,1011,0.2,0,6,NA,NA,NA
1997-10-16 00:00:00,763826,RAIN,1,NCM,900,1,1,1011,3.2,0,6,NA,NA,NA
1997-10-17 00:00:00,763826,RAIN,1,NCM,900,1,1,1011,3.9,0,6,NA,NA,NA
1997-10-18 00:00:00,763826,RAIN,1,NCM,900,1,1,1011,0.9,0,6,NA,NA,NA
1997-10-19 00:00:00,763826,RAIN,1,NCM,900,1,1,1011,0.3,0,6,NA,NA,NA
1997-10-20 00:00:00,763826,RAIN,1,NCM,900,1,1,1011,0,0,10006,NA,NA,NA
1997-10-21 00:00:00,763826,RAIN,1,NCM,900,1,1,1011,0,0,10006,NA,NA,NA
1997-10-22 00:00:00,763826,RAIN,1,NCM,900,1,1,1011,0.5,0,6,NA,NA,NA
1997-10-23 00:00:00,763826,RAIN,1,NCM,900,1,1,1011,1,0,6,NA,NA,NA
1997-10-24 00:00:00,763826,RAIN,1,NCM,900,1,1,1011,0.2,0,6,NA,NA,NA
1997-10-25 00:00:00,763826,RAIN,1,NCM,900,1,1,1011,1.6,0,6,NA,NA,NA
1997-10-26 00:00:00,763826,RAIN,1,NCM,900,1,1,1011,2.6,0,6,NA,NA,NA
1997-10-27 00:00:00,763826,RAIN,1,NCM,900,1,1,1011,14.7,0,6,NA,NA,NA
1997-10-28 00:00:00,763826,RAIN,1,NCM,900,1,1,1011,1.9,0,6,NA,NA,NA
1997-10-29 00:00:00,763826,RAIN,1,NCM,900,1,1,1011,1.6,0,6,NA,NA,NA
1997-10-30 00:00:00,763826,RAIN,1,NCM,900,1,1,1014,0,0,1306,NA,NA,NA
1997-10-31 00:00:00,763826,RAIN,1,NCM,900,1,1,1011,0.2,0,6,NA,NA,NA
1997-11-01 00:00:00,763826,RAIN,1,NCM,900,1,1,1011,1.5,0,6,NA,NA,NA
1997-11-02 00:00:00,763826,RAIN,1,NCM,900,1,1,1011,1.3,0,6,NA,NA,NA
1997-11-03 00:00:00,763826,RAIN,1,NCM,900,1,1,1011,0.2,0,6,NA,NA,NA
1997-11-04 00:00:00,763826,RAIN,1,NCM,900,1,1,1011,13.3,0,6,NA,NA,NA
1997-11-05 00:00:00,763826,RAIN,1,NCM,900,1,1,1011,4.7,0,6,NA,NA,NA
1997-11-06 00:00:00,763826,RAIN,1,NCM,900,1,1,1011,5.2,0,6,NA,NA,NA
1997-11-07 00:00:00,763826,RAIN,1,NCM,900,1,1,1011,0.2,0,6,NA,NA,NA
1997-11-08 00:00:00,763826,RAIN,1,NCM,900,1,1,1011,0,0,10006,NA,NA,NA
1997-11-09 00:00:00,763826,RAIN,1,NCM,900,1,1,1011,5.6,0,6,NA,NA,NA
1997-11-10 00:00:00,763826,RAIN,1,NCM,900,1,1,1011,3.8,0,6,NA,NA,NA
1997-11-11 00:00:00,763826,RAIN,1,NCM,900,1,1,1011,7.3,0,6,NA,NA,NA
1997-11-12 00:00:00,763826,RAIN,1,NCM,900,1,1,1011,1.2,0,6,NA,NA,NA
1997-11-13 00:00:00,763826,RAIN,1,NCM,900,1,1,1011,3.9,0,6,NA,NA,NA
1997-11-14 00:00:00,763826,RAIN,1,NCM,900,1,1,1011,4.5,0,6,NA,NA,NA
1997-11-15 00:00:00,763826,RAIN,1,NCM,900,1,1,1011,3.4,0,6,NA,NA,NA
1997-11-16 00:00:00,763826,RAIN,1,NCM,900,1,1,1011,2.9,0,6,NA,NA,NA
1997-11-17 00:00:00,763826,RAIN,1,NCM,900,1,1,1011,2,0,6,NA,NA,NA
1997-11-18 00:00:00,763826,RAIN,1,NCM,900,1,1,1011,1.7,0,6,NA,NA,NA
1997-11-19 00:00:00,763826,RAIN,1,NCM,900,1,1,1011,2.8,0,6,NA,NA,NA
1997-11-20 00:00:00,763826,RAIN,1,NCM,900,1,1,1011,3,0,6,NA,NA,NA
1997-11-21 00:00:00,763826,RAIN,1,NCM,900,1,1,1011,2.4,0,6,NA,NA,NA
1997-11-22 00:00:00,763826,RAIN,1,NCM,900,1,1,1011,3,0,6,NA,NA,NA
1997-11-23 00:00:00,763826,RAIN,1,NCM,900,1,1,1011,0.7,0,6,NA,NA,NA
1997-11-24 00:00:00,763826,RAIN,1,NCM,900,1,1,1011,0.5,0,6,NA,NA,NA
1997-11-25 00:00:00,763826,RAIN,1,NCM,900,1,1,1011,1,0,6,NA,NA,NA
1997-11-26 00:00:00,763826,RAIN,1,NCM,900,1,1,1011,1.4,0,6,NA,NA,NA
1997-11-27 00:00:00,763826,RAIN,1,NCM,900,1,1,1011,0,0,10006,NA,NA,NA
1997-11-28 00:00:00,763826,RAIN,1,NCM,900,1,1,1011,10.3,0,6,NA,NA,NA
1997-11-29 00:00:00,763826,RAIN,1,NCM,900,1,1,1011,13.1,0,6,NA,NA,NA
1997-11-30 00:00:00,763826,RAIN,1,NCM,900,1,1,1011,1.6,0,6,NA,NA,NA
1997-12-01 00:00:00,763826,RAIN,1,NCM,900,1,1,1011,5.2,0,6,NA,NA,NA
1997-12-02 00:00:00,763826,RAIN,1,NCM,900,1,1,1011,4.5,0,6,NA,NA,NA
1997-12-03 00:00:00,763826,RAIN,1,NCM,900,1,1,1011,6.5,0,6,NA,NA,NA
1997-12-04 00:00:00,763826,RAIN,1,NCM,900,1,1,1011,3.6,0,6,NA,NA,NA
1997-12-05 00:00:00,763826,RAIN,1,NCM,900,1,1,1011,9.8,0,6,NA,NA,NA
1997-12-06 00:00:00,763826,RAIN,1,NCM,900,1,1,1011,13.1,0,6,NA,NA,NA
1997-12-07 00:00:00,763826,RAIN,1,NCM,900,1,1,1011,14.3,0,6,NA,NA,NA
1997-12-08 00:00:00,763826,RAIN,1,NCM,900,1,1,1011,0.6,0,6,NA,NA,NA
1997-12-09 00:00:00,763826,RAIN,1,NCM,900,1,1,1011,0.2,0,6,NA,NA,NA
1997-12-10 00:00:00,763826,RAIN,1,NCM,900,1,1,1011,1.2,0,6,NA,NA,NA
1997-12-11 00:00:00,763826,RAIN,1,NCM,900,1,1,1011,1.8,0,6,NA,NA,NA
1997-12-12 00:00:00,763826,RAIN,1,NCM,900,1,1,1011,1.6,0,6,NA,NA,NA
1997-12-13 00:00:00,763826,RAIN,1,NCM,900,1,1,1011,3.8,0,6,NA,NA,NA
1997-12-14 00:00:00,763826,RAIN,1,NCM,900,1,1,1011,0.2,0,6,NA,NA,NA
1997-12-15 00:00:00,763826,RAIN,1,NCM,900,1,1,1011,0,0,10006,NA,NA,NA
1997-12-16 00:00:00,763826,RAIN,1,NCM,900,1,1,1011,0,0,10006,NA,NA,NA
1997-12-17 00:00:00,763826,RAIN,1,NCM,900,1,1,1011,0,0,6,NA,NA,NA
1997-12-18 00:00:00,763826,RAIN,1,NCM,900,1,1,1011,0,0,6,NA,NA,NA
1997-12-19 00:00:00,763826,RAIN,1,NCM,900,1,1,1011,0,0,10006,NA,NA,NA
1997-12-20 00:00:00,763826,RAIN,1,NCM,900,1,1,1011,0.7,0,6,NA,NA,NA
1997-12-21 00:00:00,763826,RAIN,1,NCM,900,1,1,1011,0.5,0,6,NA,NA,NA
1997-12-22 00:00:00,763826,RAIN,1,NCM,900,1,1,1011,0.4,0,6,NA,NA,NA
1997-12-23 00:00:00,763826,RAIN,1,NCM,900,1,1,1022,0,0,6,NA,NA,NA
1997-12-24 00:00:00,763826,RAIN,1,NCM,900,1,1,1011,12.6,0,6,NA,NA,NA
1997-12-25 00:00:00,763826,RAIN,1,NCM,900,1,1,1011,6.3,0,6,NA,NA,NA
1997-12-27 00:00:00,763826,RAIN,1,NCM,900,1,1,1011,2.1,0,6,NA,NA,NA
1997-12-28 00:00:00,763826,RAIN,1,NCM,900,1,1,1011,8.8,0,6,NA,NA,NA
1997-12-29 00:00:00,763826,RAIN,1,NCM,900,1,1,1011,0.2,0,6,NA,NA,NA
1997-12-30 00:00:00,763826,RAIN,1,NCM,900,1,1,1011,1.5,0,6,NA,NA,NA
1997-12-31 00:00:00,763826,RAIN,1,NCM,900,1,1,1011,10.6,0,6,NA,NA,NA
end data
