Conventions,G,BADC-CSV,1
title,G,uk-daily-rain-obs
source,G,Met Office MIDAS database
creator,G,Met Office
activity,G,Met Office MIDAS Open: UK Land Surface Stations Data
feature_type,G,point series
collection_name,G,midas-open
collection_version_number,G,dataset-version-202107
history,G,Created 2021-07-15
last_revised_date,G,2021-07-15
observation_station,G,lerwick
historic_county_name,G,shetland
midas_station_id,G,00009
location,G,60.139,-1.185
height,G,82,m
date_valid,G,1989-01-01 00:00:00,1989-12-31 23:59:59
midas_qc_version_number,G,1
comments,G,The midas_qc_version_number indicates if the data are original received message (0) or current best version (1)
comments,G,This file contains station observations
comments,G,missing values are identified with the missing data flag
missing_value,G,NA
coordinate_variable,ob_date,t
long_name,ob_date,Date of observation,s
type,ob_date,char
comments,ob_date,Date and time (YYYY-MM-DD HH:MM:SS) of the observation
long_name,id,station identifier,1
type,id,char
comments,id,a station may have more than one id assigned to it designated by the id_type
long_name,id_type,identifier type,1
type,id_type,char
comments,id_type,a station may have more than one id assigned to it defined by id_type
long_name,version_num,midas qc version number,1
type,version_num,int
comments,version_num,The midas_qc_version_number indicates if the data are original received message (0) or current best version (1)
long_name,met_domain_name,message type,1
type,met_domain_name,char
comments,met_domain_name,message type (see MIDAS documentation)
long_name,ob_day_cnt,Observation day count,day
type,ob_day_cnt,int
long_name,ob_end_ctime,clock time at end of observation as HHMM,s
type,ob_end_ctime,char
long_name,src_id,unique source identifier or station site number,1
type,src_id,int
comments,src_id,unique source identifier or station site number
long_name,rec_st_ind,state indicator for the record,1
type,rec_st_ind,int
comments,rec_st_ind,state indicator for the current stage in the life of the record (see MIDAS documentation)
long_name,prcp_amt,Precipitation amount,mm
type,prcp_amt,float
long_name,ob_day_cnt_q,QC code: observation day count,1
type,ob_day_cnt_q,int
long_name,prcp_amt_q,QC code: precipitation amount,1
type,prcp_amt_q,int
long_name,prcp_amt_j,Descriptor: precipitation amount,1
type,prcp_amt_j,int
long_name,meto_stmp_time,Met Office receipt stamp time,s
type,meto_stmp_time,char
comments,meto_stmp_time,Met Office receipt stampe time in format (YYYY-MM-DD HH:MM:SS)
long_name,midas_stmp_etime,Elapsed time to storage in MIDAS ,minutes
type,midas_stmp_etime,int
data
ob_date,id,id_type,version_num,met_domain_name,ob_end_ctime,ob_day_cnt,src_id,rec_st_ind,prcp_amt,ob_day_cnt_q,prcp_amt_q,prcp_amt_j,meto_stmp_time,midas_stmp_etime
1989-01-01 00:00:00,763888,RAIN,1,SSER,900,1,9,1001,0.5,0,9,NA,NA,NA
1989-01-02 00:00:00,763888,RAIN,1,SSER,900,1,9,1001,0,0,9,NA,NA,NA
1989-01-03 00:00:00,763888,RAIN,1,SSER,900,1,9,1001,0.7,0,9,NA,NA,NA
1989-01-04 00:00:00,763888,RAIN,1,SSER,900,1,9,1001,0.9,0,9,NA,NA,NA
1989-01-05 00:00:00,763888,RAIN,1,SSER,900,1,9,1001,6.3,0,9,NA,NA,NA
1989-01-06 00:00:00,763888,RAIN,1,SSER,900,1,9,1001,0.7,0,9,NA,NA,NA
1989-01-07 00:00:00,763888,RAIN,1,SSER,900,1,9,1001,2.7,0,9,NA,NA,NA
1989-01-08 00:00:00,763888,RAIN,1,SSER,900,1,9,1001,5.7,0,9,NA,NA,NA
1989-01-09 00:00:00,763888,RAIN,1,SSER,900,1,9,1001,1.1,0,9,NA,NA,NA
1989-01-10 00:00:00,763888,RAIN,1,SSER,900,1,9,1001,4.5,0,9,NA,NA,NA
1989-01-11 00:00:00,763888,RAIN,1,SSER,900,1,9,1001,4.5,0,9,NA,NA,NA
1989-01-12 00:00:00,763888,RAIN,1,SSER,900,1,9,1001,4.3,0,9,NA,NA,NA
1989-01-13 00:00:00,763888,RAIN,1,SSER,900,1,9,1001,3.1,0,9,NA,NA,NA
1989-01-14 00:00:00,763888,RAIN,1,SSER,900,1,9,1001,7.9,0,9,NA,NA,NA
1989-01-15 00:00:00,763888,RAIN,1,SSER,900,1,9,1001,11.9,0,9,NA,NA,NA
1989-01-16 00:00:00,763888,RAIN,1,SSER,900,1,9,1001,5.7,0,9,NA,NA,NA
1989-01-17 00:00:00,763888,RAIN,1,SSER,900,1,9,1001,1.3,0,9,NA,NA,NA
1989-01-18 00:00:00,763888,RAIN,1,SSER,900,1,9,1001,6.9,0,9,NA,NA,NA
1989-01-19 00:00:00,763888,RAIN,1,SSER,900,1,9,1001,6.1,0,9,NA,NA,NA
1989-01-20 00:00:00,763888,RAIN,1,SSER,900,1,9,1001,6.5,0,9,NA,NA,NA
1989-01-21 00:00:00,763888,RAIN,1,SSER,900,1,9,1001,8.9,0,9,NA,NA,NA
1989-01-22 00:00:00,763888,RAIN,1,SSER,900,1,9,1001,1.9,0,9,NA,NA,NA
1989-01-23 00:00:00,763888,RAIN,1,SSER,900,1,9,1001,4.5,0,9,NA,NA,NA
1989-01-24 00:00:00,763888,RAIN,1,SSER,900,1,9,1001,0,0,9,NA,NA,NA
1989-01-25 00:00:00,763888,RAIN,1,SSER,900,1,9,1001,0,0,9,NA,NA,NA
1989-01-26 00:00:00,763888,RAIN,1,SSER,900,1,9,1001,3.5,0,9,NA,NA,NA
1989-01-27 00:00:00,763888,RAIN,1,SSER,900,1,9,1001,6.1,0,9,NA,NA,NA
1989-01-28 00:00:00,763888,RAIN,1,SSER,900,1,9,1001,8.1,0,9,NA,NA,NA
1989-01-29 00:00:00,763888,RAIN,1,SSER,900,1,9,1001,0.9,0,9,NA,NA,NA
1989-01-30 00:00:00,763888,RAIN,1,SSER,900,1,9,1001,5.7,0,9,NA,NA,NA
1989-01-31 00:00:00,763888,RAIN,1,SSER,900,1,9,1001,7.1,0,9,NA,NA,NA
1989-02-01 00:00:00,763888,RAIN,1,SSER,900,1,9,1001,0,0,9,NA,NA,NA
1989-02-02 00:00:00,763888,RAIN,1,SSER,900,1,9,1001,1.1,0,9,NA,NA,NA
1989-02-03 00:00:00,763888,RAIN,1,SSER,900,1,9,1001,4.1,0,9,NA,NA,NA
1989-02-04 00:00:00,763888,RAIN,1,SSER,900,1,9,1001,4.1,0,9,NA,NA,NA
1989-02-05 00:00:00,763888,RAIN,1,SSER,900,1,9,1001,11.1,0,9,NA,NA,NA
1989-02-06 00:00:00,763888,RAIN,1,SSER,900,1,9,1001,6.5,0,9,NA,NA,NA
1989-02-07 00:00:00,763888,RAIN,1,SSER,900,1,9,1001,6.9,0,9,NA,NA,NA
1989-02-08 00:00:00,763888,RAIN,1,SSER,900,1,9,1001,3.7,0,9,NA,NA,NA
1989-02-09 00:00:00,763888,RAIN,1,SSER,900,1,9,1001,0.3,0,9,NA,NA,NA
1989-02-10 00:00:00,763888,RAIN,1,SSER,900,1,9,1001,1.1,0,9,NA,NA,NA
1989-02-11 00:00:00,763888,RAIN,1,SSER,900,1,9,1001,0.7,0,9,NA,NA,NA
1989-02-12 00:00:00,763888,RAIN,1,SSER,900,1,9,1001,7.5,0,9,NA,NA,NA
1989-02-13 00:00:00,763888,RAIN,1,SSER,900,1,9,1001,5.1,0,9,NA,NA,NA
1989-02-14 00:00:00,763888,RAIN,1,SSER,900,1,9,1001,13.5,0,9,NA,NA,NA
1989-02-15 00:00:00,763888,RAIN,1,SSER,900,1,9,1001,18.1,0,9,NA,NA,NA
1989-02-16 00:00:00,763888,RAIN,1,SSER,900,1,9,1001,36.7,0,9,NA,NA,NA
1989-02-17 00:00:00,763888,RAIN,1,SSER,900,1,9,1001,8.8,0,9,NA,NA,NA
1989-02-18 00:00:00,763888,RAIN,1,SSER,900,1,9,1001,4.3,0,9,NA,NA,NA
1989-02-19 00:00:00,763888,RAIN,1,SSER,900,1,9,1001,6.7,0,9,NA,NA,NA
1989-02-20 00:00:00,763888,RAIN,1,SSER,900,1,9,1001,9.7,0,9,NA,NA,NA
1989-02-21 00:00:00,763888,RAIN,1,SSER,900,1,9,1001,3.9,0,9,NA,NA,NA
1989-02-22 00:00:00,763888,RAIN,1,SSER,900,1,9,1001,4.1,0,9,NA,NA,NA
1989-02-23 00:00:00,763888,RAIN,1,SSER,900,1,9,1001,3.7,0,9,NA,NA,NA
1989-02-24 00:00:00,763888,RAIN,1,SSER,900,1,9,1001,26,0,9,NA,NA,NA
1989-02-25 00:00:00,763888,RAIN,1,SSER,900,1,9,1001,0.7,0,9,NA,NA,NA
1989-02-26 00:00:00,763888,RAIN,1,SSER,900,1,9,1001,18.7,0,9,NA,NA,NA
1989-02-27 00:00:00,763888,RAIN,1,SSER,900,1,9,1001,7.7,0,9,NA,NA,NA
1989-02-28 00:00:00,763888,RAIN,1,SSER,900,1,9,1001,13.7,0,9,NA,NA,NA
1989-03-01 00:00:00,763888,RAIN,1,SSER,900,1,9,1001,6.3,0,9,NA,NA,NA
1989-03-02 00:00:00,763888,RAIN,1,SSER,900,1,9,1001,8.9,0,9,NA,NA,NA
1989-03-03 00:00:00,763888,RAIN,1,SSER,900,1,9,1001,2.7,0,9,NA,NA,NA
1989-03-04 00:00:00,763888,RAIN,1,SSER,900,1,9,1001,4.1,0,9,NA,NA,NA
1989-03-05 00:00:00,763888,RAIN,1,SSER,900,1,9,1001,0.9,0,9,NA,NA,NA
1989-03-06 00:00:00,763888,RAIN,1,SSER,900,1,9,1001,0.1,0,9,NA,NA,NA
1989-03-07 00:00:00,763888,RAIN,1,SSER,900,1,9,1001,0.1,0,9,NA,NA,NA
1989-03-08 00:00:00,763888,RAIN,1,SSER,900,1,9,1001,1.3,0,9,NA,NA,NA
1989-03-09 00:00:00,763888,RAIN,1,SSER,900,1,9,1001,5.7,0,9,NA,NA,NA
1989-03-10 00:00:00,763888,RAIN,1,SSER,900,1,9,1001,11.9,0,9,NA,NA,NA
1989-03-11 00:00:00,763888,RAIN,1,SSER,900,1,9,1001,7.9,0,9,NA,NA,NA
1989-03-12 00:00:00,763888,RAIN,1,SSER,900,1,9,1001,4.9,0,9,NA,NA,NA
1989-03-13 00:00:00,763888,RAIN,1,SSER,900,1,9,1001,6.7,0,9,NA,NA,NA
1989-03-14 00:00:00,763888,RAIN,1,SSER,900,1,9,1001,4.7,0,9,NA,NA,NA
1989-03-15 00:00:00,763888,RAIN,1,SSER,900,1,9,1001,6.1,0,9,NA,NA,NA
1989-03-16 00:00:00,763888,RAIN,1,SSER,900,1,9,1001,1.1,0,9,NA,NA,NA
1989-03-17 00:00:00,763888,RAIN,1,SSER,900,1,9,1001,0.9,0,9,NA,NA,NA
1989-03-18 00:00:00,763888,RAIN,1,SSER,900,1,9,1001,11.5,0,9,NA,NA,NA
1989-03-19 00:00:00,763888,RAIN,1,SSER,900,1,9,1001,1.7,0,9,NA,NA,NA
1989-03-20 00:00:00,763888,RAIN,1,SSER,900,1,9,1001,2.5,0,9,NA,NA,NA
1989-03-21 00:00:00,763888,RAIN,1,SSER,900,1,9,1001,1.1,0,9,NA,NA,NA
1989-03-22 00:00:00,763888,RAIN,1,SSER,900,1,9,1001,8.1,0,9,NA,NA,NA
1989-03-23 00:00:00,763888,RAIN,1,SSER,900,1,9,1001,1.5,0,9,NA,NA,NA
1989-03-24 00:00:00,763888,RAIN,1,SSER,900,1,9,1001,10.5,0,9,NA,NA,NA
1989-03-25 00:00:00,763888,RAIN,1,SSER,900,1,9,1001,6.9,0,9,NA,NA,NA
1989-03-26 00:00:00,763888,RAIN,1,SSER,900,1,9,1001,0,0,9,NA,NA,NA
1989-03-27 00:00:00,763888,RAIN,1,SSER,900,1,9,1001,5.7,0,9,NA,NA,NA
1989-03-28 00:00:00,763888,RAIN,1,SSER,900,1,9,1001,0.1,0,9,NA,NA,NA
1989-03-29 00:00:00,763888,RAIN,1,SSER,900,1,9,1001,0.9,0,9,NA,NA,NA
1989-03-30 00:00:00,763888,RAIN,1,SSER,900,1,9,1001,7.9,0,9,NA,NA,NA
1989-03-31 00:00:00,763888,RAIN,1,SSER,900,1,9,1001,1.1,0,9,NA,NA,NA
1989-04-01 00:00:00,763888,RAIN,1,SSER,900,1,9,1001,0,0,9,NA,NA,NA
1989-04-02 00:00:00,763888,RAIN,1,SSER,900,1,9,1001,0,0,9,NA,NA,NA
1989-04-03 00:00:00,763888,RAIN,1,SSER,900,1,9,1001,0,0,9,NA,NA,NA
1989-04-04 00:00:00,763888,RAIN,1,SSER,900,1,9,1001,0,0,9,NA,NA,NA
1989-04-05 00:00:00,763888,RAIN,1,SSER,900,1,9,1001,0,0,9,NA,NA,NA
1989-04-06 00:00:00,763888,RAIN,1,SSER,900,1,9,1001,0.9,0,9,NA,NA,NA
1989-04-07 00:00:00,763888,RAIN,1,SSER,900,1,9,1001,0,0,9,NA,NA,NA
1989-04-08 00:00:00,763888,RAIN,1,SSER,900,1,9,1001,0.9,0,9,NA,NA,NA
1989-04-09 00:00:00,763888,RAIN,1,SSER,900,1,9,1001,0.1,0,9,NA,NA,NA
1989-04-10 00:00:00,763888,RAIN,1,SSER,900,1,9,1001,0,0,9,NA,NA,NA
1989-04-11 00:00:00,763888,RAIN,1,SSER,900,1,9,1001,9.3,0,9,NA,NA,NA
1989-04-12 00:00:00,763888,RAIN,1,SSER,900,1,9,1001,7.5,0,9,NA,NA,NA
1989-04-13 00:00:00,763888,RAIN,1,SSER,900,1,9,1001,0,0,9,NA,NA,NA
1989-04-14 00:00:00,763888,RAIN,1,SSER,900,1,9,1001,0,0,9,NA,NA,NA
1989-04-15 00:00:00,763888,RAIN,1,SSER,900,1,9,1001,2.3,0,9,NA,NA,NA
1989-04-16 00:00:00,763888,RAIN,1,SSER,900,1,9,1001,0.1,0,9,NA,NA,NA
1989-04-17 00:00:00,763888,RAIN,1,SSER,900,1,9,1001,3.1,0,9,NA,NA,NA
1989-04-18 00:00:00,763888,RAIN,1,SSER,900,1,9,1001,0.1,0,9,NA,NA,NA
1989-04-19 00:00:00,763888,RAIN,1,SSER,900,1,9,1001,0,0,9,NA,NA,NA
1989-04-20 00:00:00,763888,RAIN,1,SSER,900,1,9,1001,0,0,9,NA,NA,NA
1989-04-21 00:00:00,763888,RAIN,1,SSER,900,1,9,1001,0,0,9,NA,NA,NA
1989-04-22 00:00:00,763888,RAIN,1,SSER,900,1,9,1001,0.1,0,9,NA,NA,NA
1989-04-23 00:00:00,763888,RAIN,1,SSER,900,1,9,1001,18,0,9,NA,NA,NA
1989-04-24 00:00:00,763888,RAIN,1,SSER,900,1,9,1001,7.5,0,9,NA,NA,NA
1989-04-25 00:00:00,763888,RAIN,1,SSER,900,1,9,1001,1.9,0,9,NA,NA,NA
1989-04-26 00:00:00,763888,RAIN,1,SSER,900,1,9,1001,2.5,0,9,NA,NA,NA
1989-04-27 00:00:00,763888,RAIN,1,SSER,900,1,9,1001,0.1,0,9,NA,NA,NA
1989-04-28 00:00:00,763888,RAIN,1,SSER,900,1,9,1001,0.1,0,9,NA,NA,NA
1989-04-29 00:00:00,763888,RAIN,1,SSER,900,1,9,1001,0,0,9,NA,NA,NA
1989-04-30 00:00:00,763888,RAIN,1,SSER,900,1,9,1001,0.1,0,9,NA,NA,NA
1989-05-01 00:00:00,763888,RAIN,1,SSER,900,1,9,1001,0.9,0,9,NA,NA,NA
1989-05-02 00:00:00,763888,RAIN,1,SSER,900,1,9,1001,2.9,0,9,NA,NA,NA
1989-05-03 00:00:00,763888,RAIN,1,SSER,900,1,9,1001,2.1,0,9,NA,NA,NA
1989-05-04 00:00:00,763888,RAIN,1,SSER,900,1,9,1001,0.1,0,9,NA,NA,NA
1989-05-05 00:00:00,763888,RAIN,1,SSER,900,1,9,1001,1.7,0,9,NA,NA,NA
1989-05-06 00:00:00,763888,RAIN,1,SSER,900,1,9,1001,0.7,0,9,NA,NA,NA
1989-05-07 00:00:00,763888,RAIN,1,SSER,900,1,9,1001,1.1,0,9,NA,NA,NA
1989-05-08 00:00:00,763888,RAIN,1,SSER,900,1,9,1001,2.5,0,9,NA,NA,NA
1989-05-09 00:00:00,763888,RAIN,1,SSER,900,1,9,1001,5.9,0,9,NA,NA,NA
1989-05-10 00:00:00,763888,RAIN,1,SSER,900,1,9,1001,2.7,0,9,NA,NA,NA
1989-05-11 00:00:00,763888,RAIN,1,SSER,900,1,9,1001,0.5,0,9,NA,NA,NA
1989-05-12 00:00:00,763888,RAIN,1,SSER,900,1,9,1001,2.5,0,9,NA,NA,NA
1989-05-13 00:00:00,763888,RAIN,1,SSER,900,1,9,1001,1.5,0,9,NA,NA,NA
1989-05-14 00:00:00,763888,RAIN,1,SSER,900,1,9,1001,0,0,9,NA,NA,NA
1989-05-15 00:00:00,763888,RAIN,1,SSER,900,1,9,1001,0,0,9,NA,NA,NA
1989-05-16 00:00:00,763888,RAIN,1,SSER,900,1,9,1001,3.3,0,9,NA,NA,NA
1989-05-17 00:00:00,763888,RAIN,1,SSER,900,1,9,1001,13.5,0,9,NA,NA,NA
1989-05-18 00:00:00,763888,RAIN,1,SSER,900,1,9,1001,0.9,0,9,NA,NA,NA
1989-05-19 00:00:00,763888,RAIN,1,SSER,900,1,9,1001,0.5,0,9,NA,NA,NA
1989-05-20 00:00:00,763888,RAIN,1,SSER,900,1,9,1001,0,0,9,NA,NA,NA
1989-05-21 00:00:00,763888,RAIN,1,SSER,900,1,9,1001,0,0,9,NA,NA,NA
1989-05-22 00:00:00,763888,RAIN,1,SSER,900,1,9,1001,0,0,9,NA,NA,NA
1989-05-23 00:00:00,763888,RAIN,1,SSER,900,1,9,1001,0,0,9,NA,NA,NA
1989-05-24 00:00:00,763888,RAIN,1,SSER,900,1,9,1001,1.1,0,9,NA,NA,NA
1989-05-25 00:00:00,763888,RAIN,1,SSER,900,1,9,1001,0.5,0,9,NA,NA,NA
1989-05-26 00:00:00,763888,RAIN,1,SSER,900,1,9,1001,1.9,0,9,NA,NA,NA
1989-05-27 00:00:00,763888,RAIN,1,SSER,900,1,9,1001,1.1,0,9,NA,NA,NA
1989-05-28 00:00:00,763888,RAIN,1,SSER,900,1,9,1001,4.5,0,9,NA,NA,NA
1989-05-29 00:00:00,763888,RAIN,1,SSER,900,1,9,1001,2.1,0,9,NA,NA,NA
1989-05-30 00:00:00,763888,RAIN,1,SSER,900,1,9,1001,2.9,0,9,NA,NA,NA
1989-05-31 00:00:00,763888,RAIN,1,SSER,900,1,9,1001,5.9,0,9,NA,NA,NA
1989-06-01 00:00:00,763888,RAIN,1,SSER,900,1,9,1001,0.7,0,9,NA,NA,NA
1989-06-02 00:00:00,763888,RAIN,1,SSER,900,1,9,1001,2.1,0,9,NA,NA,NA
1989-06-03 00:00:00,763888,RAIN,1,SSER,900,1,9,1001,0.3,0,9,NA,NA,NA
1989-06-04 00:00:00,763888,RAIN,1,SSER,900,1,9,1001,0,0,9,NA,NA,NA
1989-06-05 00:00:00,763888,RAIN,1,SSER,900,1,9,1001,0.1,0,9,NA,NA,NA
1989-06-06 00:00:00,763888,RAIN,1,SSER,900,1,9,1001,0.3,0,9,NA,NA,NA
1989-06-07 00:00:00,763888,RAIN,1,SSER,900,1,9,1001,1.1,0,9,NA,NA,NA
1989-06-08 00:00:00,763888,RAIN,1,SSER,900,1,9,1001,1.5,0,9,NA,NA,NA
1989-06-09 00:00:00,763888,RAIN,1,SSER,900,1,9,1001,1.9,0,9,NA,NA,NA
1989-06-10 00:00:00,763888,RAIN,1,SSER,900,1,9,1001,0,0,9,NA,NA,NA
1989-06-11 00:00:00,763888,RAIN,1,SSER,900,1,9,1001,0.1,0,9,NA,NA,NA
1989-06-12 00:00:00,763888,RAIN,1,SSER,900,1,9,1001,0,0,9,NA,NA,NA
1989-06-13 00:00:00,763888,RAIN,1,SSER,900,1,9,1001,0,0,9,NA,NA,NA
1989-06-14 00:00:00,763888,RAIN,1,SSER,900,1,9,1001,2.3,0,9,NA,NA,NA
1989-06-15 00:00:00,763888,RAIN,1,SSER,900,1,9,1001,0.1,0,9,NA,NA,NA
1989-06-16 00:00:00,763888,RAIN,1,SSER,900,1,9,1001,0,0,9,NA,NA,NA
1989-06-17 00:00:00,763888,RAIN,1,SSER,900,1,9,1001,0,0,9,NA,NA,NA
1989-06-18 00:00:00,763888,RAIN,1,SSER,900,1,9,1001,0,0,9,NA,NA,NA
1989-06-19 00:00:00,763888,RAIN,1,SSER,900,1,9,1001,0,0,9,NA,NA,NA
1989-06-20 00:00:00,763888,RAIN,1,SSER,900,1,9,1001,0,0,9,NA,NA,NA
1989-06-21 00:00:00,763888,RAIN,1,SSER,900,1,9,1001,9.5,0,9,NA,NA,NA
1989-06-22 00:00:00,763888,RAIN,1,SSER,900,1,9,1001,0,0,9,NA,NA,NA
1989-06-23 00:00:00,763888,RAIN,1,SSER,900,1,9,1001,1.5,0,9,NA,NA,NA
1989-06-24 00:00:00,763888,RAIN,1,SSER,900,1,9,1001,0.5,0,9,NA,NA,NA
1989-06-25 00:00:00,763888,RAIN,1,SSER,900,1,9,1001,9.5,0,9,NA,NA,NA
1989-06-26 00:00:00,763888,RAIN,1,SSER,900,1,9,1001,2.9,0,9,NA,NA,NA
1989-06-27 00:00:00,763888,RAIN,1,SSER,900,1,9,1001,0,0,9,NA,NA,NA
1989-06-28 00:00:00,763888,RAIN,1,SSER,900,1,9,1001,0.5,0,9,NA,NA,NA
1989-06-29 00:00:00,763888,RAIN,1,SSER,900,1,9,1001,4.5,0,9,NA,NA,NA
1989-06-30 00:00:00,763888,RAIN,1,SSER,900,1,9,1001,1.9,0,9,NA,NA,NA
1989-07-01 00:00:00,763888,RAIN,1,SSER,900,1,9,1001,0,0,9,NA,NA,NA
1989-07-02 00:00:00,763888,RAIN,1,SSER,900,1,9,1001,0,0,9,NA,NA,NA
1989-07-03 00:00:00,763888,RAIN,1,SSER,900,1,9,1001,0,0,9,NA,NA,NA
1989-07-04 00:00:00,763888,RAIN,1,SSER,900,1,9,1001,0,0,9,NA,NA,NA
1989-07-05 00:00:00,763888,RAIN,1,SSER,900,1,9,1001,0,0,9,NA,NA,NA
1989-07-06 00:00:00,763888,RAIN,1,SSER,900,1,9,1001,0,0,9,NA,NA,NA
1989-07-07 00:00:00,763888,RAIN,1,SSER,900,1,9,1001,0,0,9,NA,NA,NA
1989-07-08 00:00:00,763888,RAIN,1,SSER,900,1,9,1001,0,0,9,NA,NA,NA
1989-07-09 00:00:00,763888,RAIN,1,SSER,900,1,9,1001,0,0,9,NA,NA,NA
1989-07-10 00:00:00,763888,RAIN,1,SSER,900,1,9,1001,3.3,0,9,NA,NA,NA
1989-07-11 00:00:00,763888,RAIN,1,SSER,900,1,9,1001,5.9,0,9,NA,NA,NA
1989-07-12 00:00:00,763888,RAIN,1,SSER,900,1,9,1001,17.5,0,9,NA,NA,NA
1989-07-13 00:00:00,763888,RAIN,1,SSER,900,1,9,1001,3.3,0,9,NA,NA,NA
1989-07-14 00:00:00,763888,RAIN,1,SSER,900,1,9,1001,2.5,0,9,NA,NA,NA
1989-07-15 00:00:00,763888,RAIN,1,SSER,900,1,9,1001,0.1,0,9,NA,NA,NA
1989-07-16 00:00:00,763888,RAIN,1,SSER,900,1,9,1001,0,0,9,NA,NA,NA
1989-07-17 00:00:00,763888,RAIN,1,SSER,900,1,9,1001,1.7,0,9,NA,NA,NA
1989-07-18 00:00:00,763888,RAIN,1,SSER,900,1,9,1001,0,0,9,NA,NA,NA
1989-07-19 00:00:00,763888,RAIN,1,SSER,900,1,9,1001,0.7,0,9,NA,NA,NA
1989-07-20 00:00:00,763888,RAIN,1,SSER,900,1,9,1001,0.1,0,9,NA,NA,NA
1989-07-21 00:00:00,763888,RAIN,1,SSER,900,1,9,1001,0.1,0,9,NA,NA,NA
1989-07-22 00:00:00,763888,RAIN,1,SSER,900,1,9,1001,0.7,0,9,NA,NA,NA
1989-07-23 00:00:00,763888,RAIN,1,SSER,900,1,9,1001,0.5,0,9,NA,NA,NA
1989-07-24 00:00:00,763888,RAIN,1,SSER,900,1,9,1001,0.1,0,9,NA,NA,NA
1989-07-25 00:00:00,763888,RAIN,1,SSER,900,1,9,1001,0,0,9,NA,NA,NA
1989-07-26 00:00:00,763888,RAIN,1,SSER,900,1,9,1001,23.8,0,9,NA,NA,NA
1989-07-27 00:00:00,763888,RAIN,1,SSER,900,1,9,1001,0.5,0,9,NA,NA,NA
1989-07-28 00:00:00,763888,RAIN,1,SSER,900,1,9,1001,1.3,0,9,NA,NA,NA
1989-07-29 00:00:00,763888,RAIN,1,SSER,900,1,9,1001,6.3,0,9,NA,NA,NA
1989-07-30 00:00:00,763888,RAIN,1,SSER,900,1,9,1001,3.7,0,9,NA,NA,NA
1989-07-31 00:00:00,763888,RAIN,1,SSER,900,1,9,1001,1.1,0,9,NA,NA,NA
1989-08-01 00:00:00,763888,RAIN,1,SSER,900,1,9,1001,0.3,0,9,NA,NA,NA
1989-08-02 00:00:00,763888,RAIN,1,SSER,900,1,9,1001,0,0,9,NA,NA,NA
1989-08-03 00:00:00,763888,RAIN,1,SSER,900,1,9,1001,2.1,0,9,NA,NA,NA
1989-08-04 00:00:00,763888,RAIN,1,SSER,900,1,9,1001,0.3,0,9,NA,NA,NA
1989-08-05 00:00:00,763888,RAIN,1,SSER,900,1,9,1001,0.3,0,9,NA,NA,NA
1989-08-06 00:00:00,763888,RAIN,1,SSER,900,1,9,1001,0,0,9,NA,NA,NA
1989-08-07 00:00:00,763888,RAIN,1,SSER,900,1,9,1001,3.7,0,9,NA,NA,NA
1989-08-08 00:00:00,763888,RAIN,1,SSER,900,1,9,1001,0.3,0,9,NA,NA,NA
1989-08-09 00:00:00,763888,RAIN,1,SSER,900,1,9,1001,0.1,0,9,NA,NA,NA
1989-08-10 00:00:00,763888,RAIN,1,SSER,900,1,9,1001,9.7,0,9,NA,NA,NA
1989-08-11 00:00:00,763888,RAIN,1,SSER,900,1,9,1001,5.3,0,9,NA,NA,NA
1989-08-12 00:00:00,763888,RAIN,1,SSER,900,1,9,1001,1.5,0,9,NA,NA,NA
1989-08-13 00:00:00,763888,RAIN,1,SSER,900,1,9,1001,1.3,0,9,NA,NA,NA
1989-08-14 00:00:00,763888,RAIN,1,SSER,900,1,9,1001,0,0,9,NA,NA,NA
1989-08-15 00:00:00,763888,RAIN,1,SSER,900,1,9,1001,8.7,0,9,NA,NA,NA
1989-08-16 00:00:00,763888,RAIN,1,SSER,900,1,9,1001,0.7,0,9,NA,NA,NA
1989-08-17 00:00:00,763888,RAIN,1,SSER,900,1,9,1001,0,0,9,NA,NA,NA
1989-08-18 00:00:00,763888,RAIN,1,SSER,900,1,9,1001,3.9,0,9,NA,NA,NA
1989-08-19 00:00:00,763888,RAIN,1,SSER,900,1,9,1001,5.1,0,9,NA,NA,NA
1989-08-20 00:00:00,763888,RAIN,1,SSER,900,1,9,1001,0.9,0,9,NA,NA,NA
1989-08-21 00:00:00,763888,RAIN,1,SSER,900,1,9,1001,10.5,0,9,NA,NA,NA
1989-08-22 00:00:00,763888,RAIN,1,SSER,900,1,9,1001,9.5,0,9,NA,NA,NA
1989-08-23 00:00:00,763888,RAIN,1,SSER,900,1,9,1001,1.9,0,9,NA,NA,NA
1989-08-24 00:00:00,763888,RAIN,1,SSER,900,1,9,1001,1.7,0,9,NA,NA,NA
1989-08-25 00:00:00,763888,RAIN,1,SSER,900,1,9,1001,1.9,0,9,NA,NA,NA
1989-08-26 00:00:00,763888,RAIN,1,SSER,900,1,9,1001,0.7,0,9,NA,NA,NA
1989-08-27 00:00:00,763888,RAIN,1,SSER,900,1,9,1001,0.7,0,9,NA,NA,NA
1989-08-28 00:00:00,763888,RAIN,1,SSER,900,1,9,1001,0.7,0,9,NA,NA,NA
1989-08-29 00:00:00,763888,RAIN,1,SSER,900,1,9,1001,0,0,9,NA,NA,NA
1989-08-30 00:00:00,763888,RAIN,1,SSER,900,1,9,1001,0.1,0,9,NA,NA,NA
1989-08-31 00:00:00,763888,RAIN,1,SSER,900,1,9,1001,11.9,0,9,NA,NA,NA
1989-09-01 00:00:00,763888,RAIN,1,SSER,900,1,9,1001,3.7,0,9,NA,NA,NA
1989-09-02 00:00:00,763888,RAIN,1,SSER,900,1,9,1001,0.9,0,9,NA,NA,NA
1989-09-03 00:00:00,763888,RAIN,1,SSER,900,1,9,1001,0,0,9,NA,NA,NA
1989-09-04 00:00:00,763888,RAIN,1,SSER,900,1,9,1001,0.7,0,9,NA,NA,NA
1989-09-05 00:00:00,763888,RAIN,1,SSER,900,1,9,1001,2.3,0,9,NA,NA,NA
1989-09-06 00:00:00,763888,RAIN,1,SSER,900,1,9,1001,6.3,0,9,NA,NA,NA
1989-09-07 00:00:00,763888,RAIN,1,SSER,900,1,9,1001,0.7,0,9,NA,NA,NA
1989-09-08 00:00:00,763888,RAIN,1,SSER,900,1,9,1001,0.7,0,9,NA,NA,NA
1989-09-09 00:00:00,763888,RAIN,1,SSER,900,1,9,1001,0.1,0,9,NA,NA,NA
1989-09-10 00:00:00,763888,RAIN,1,SSER,900,1,9,1001,0,0,9,NA,NA,NA
1989-09-11 00:00:00,763888,RAIN,1,SSER,900,1,9,1001,0,0,9,NA,NA,NA
1989-09-12 00:00:00,763888,RAIN,1,SSER,900,1,9,1001,0,0,9,NA,NA,NA
1989-09-13 00:00:00,763888,RAIN,1,SSER,900,1,9,1001,0.1,0,9,NA,NA,NA
1989-09-14 00:00:00,763888,RAIN,1,SSER,900,1,9,1001,2.9,0,9,NA,NA,NA
1989-09-15 00:00:00,763888,RAIN,1,SSER,900,1,9,1001,2.9,0,9,NA,NA,NA
1989-09-16 00:00:00,763888,RAIN,1,SSER,900,1,9,1001,7.3,0,9,NA,NA,NA
1989-09-17 00:00:00,763888,RAIN,1,SSER,900,1,9,1001,1.9,0,9,NA,NA,NA
1989-09-18 00:00:00,763888,RAIN,1,SSER,900,1,9,1001,7.3,0,9,NA,NA,NA
1989-09-19 00:00:00,763888,RAIN,1,SSER,900,1,9,1001,1.3,0,9,NA,NA,NA
1989-09-20 00:00:00,763888,RAIN,1,SSER,900,1,9,1001,10.7,0,9,NA,NA,NA
1989-09-21 00:00:00,763888,RAIN,1,SSER,900,1,9,1001,2.3,0,9,NA,NA,NA
1989-09-22 00:00:00,763888,RAIN,1,SSER,900,1,9,1001,5.7,0,9,NA,NA,NA
1989-09-23 00:00:00,763888,RAIN,1,SSER,900,1,9,1001,3.9,0,9,NA,NA,NA
1989-09-24 00:00:00,763888,RAIN,1,SSER,900,1,9,1001,0.9,0,9,NA,NA,NA
1989-09-25 00:00:00,763888,RAIN,1,SSER,900,1,9,1001,6.3,0,9,NA,NA,NA
1989-09-26 00:00:00,763888,RAIN,1,SSER,900,1,9,1001,0.3,0,9,NA,NA,NA
1989-09-27 00:00:00,763888,RAIN,1,SSER,900,1,9,1001,0.7,0,9,NA,NA,NA
1989-09-28 00:00:00,763888,RAIN,1,SSER,900,1,9,1001,0.1,0,9,NA,NA,NA
1989-09-29 00:00:00,763888,RAIN,1,SSER,900,1,9,1001,0.1,0,9,NA,NA,NA
1989-09-30 00:00:00,763888,RAIN,1,SSER,900,1,9,1001,0.3,0,9,NA,NA,NA
1989-10-01 00:00:00,763888,RAIN,1,SSER,900,1,9,1001,0.5,0,9,NA,NA,NA
1989-10-02 00:00:00,763888,RAIN,1,SSER,900,1,9,1001,0,0,9,NA,NA,NA
1989-10-03 00:00:00,763888,RAIN,1,SSER,900,1,9,1001,0,0,9,NA,NA,NA
1989-10-04 00:00:00,763888,RAIN,1,SSER,900,1,9,1001,0.2,0,9,NA,NA,NA
1989-10-05 00:00:00,763888,RAIN,1,SSER,900,1,9,1001,0,0,9,NA,NA,NA
1989-10-06 00:00:00,763888,RAIN,1,SSER,900,1,9,1001,9.2,0,9,NA,NA,NA
1989-10-07 00:00:00,763888,RAIN,1,SSER,900,1,9,1001,2,0,9,NA,NA,NA
1989-10-08 00:00:00,763888,RAIN,1,SSER,900,1,9,1001,0.4,0,9,NA,NA,NA
1989-10-09 00:00:00,763888,RAIN,1,SSER,900,1,9,1001,0.2,0,9,NA,NA,NA
1989-10-10 00:00:00,763888,RAIN,1,SSER,900,1,9,1001,4.8,0,9,NA,NA,NA
1989-10-11 00:00:00,763888,RAIN,1,SSER,900,1,9,1001,0.6,0,9,NA,NA,NA
1989-10-12 00:00:00,763888,RAIN,1,SSER,900,1,9,1001,5.4,0,9,NA,NA,NA
1989-10-13 00:00:00,763888,RAIN,1,SSER,900,1,9,1001,5.6,0,9,NA,NA,NA
1989-10-14 00:00:00,763888,RAIN,1,SSER,900,1,9,1001,2.2,0,9,NA,NA,NA
1989-10-15 00:00:00,763888,RAIN,1,SSER,900,1,9,1001,0.2,0,9,NA,NA,NA
1989-10-16 00:00:00,763888,RAIN,1,SSER,900,1,9,1001,5.8,0,9,NA,NA,NA
1989-10-17 00:00:00,763888,RAIN,1,SSER,900,1,9,1001,1,0,9,NA,NA,NA
1989-10-18 00:00:00,763888,RAIN,1,SSER,900,1,9,1001,0.2,0,9,NA,NA,NA
1989-10-19 00:00:00,763888,RAIN,1,SSER,900,1,9,1001,0,0,9,NA,NA,NA
1989-10-20 00:00:00,763888,RAIN,1,SSER,900,1,9,1001,6.2,0,9,NA,NA,NA
1989-10-21 00:00:00,763888,RAIN,1,SSER,900,1,9,1001,18.6,0,1209,NA,NA,NA
1989-10-22 00:00:00,763888,RAIN,1,SSER,900,1,9,1001,7.2,0,1209,NA,NA,NA
1989-10-23 00:00:00,763888,RAIN,1,SSER,900,1,9,1001,9.4,0,9,NA,NA,NA
1989-10-24 00:00:00,763888,RAIN,1,SSER,900,1,9,1001,5.2,0,9,NA,NA,NA
1989-10-25 00:00:00,763888,RAIN,1,SSER,900,1,9,1001,8,0,9,NA,NA,NA
1989-10-26 00:00:00,763888,RAIN,1,SSER,900,1,9,1001,5.4,0,9,NA,NA,NA
1989-10-27 00:00:00,763888,RAIN,1,SSER,900,1,9,1001,1.4,0,9,NA,NA,NA
1989-10-28 00:00:00,763888,RAIN,1,SSER,900,1,9,1001,11.8,0,9,NA,NA,NA
1989-10-29 00:00:00,763888,RAIN,1,SSER,900,1,9,1001,3.2,0,9,NA,NA,NA
1989-10-30 00:00:00,763888,RAIN,1,SSER,900,1,9,1001,0,0,9,NA,NA,NA
1989-10-31 00:00:00,763888,RAIN,1,SSER,900,1,9,1001,0.8,0,9,NA,NA,NA
1989-11-01 00:00:00,763888,RAIN,1,SSER,900,1,9,1001,7.8,0,9,NA,NA,NA
1989-11-02 00:00:00,763888,RAIN,1,SSER,900,1,9,1001,1.6,0,9,NA,NA,NA
1989-11-03 00:00:00,763888,RAIN,1,SSER,900,1,9,1001,1.4,0,9,NA,NA,NA
1989-11-04 00:00:00,763888,RAIN,1,SSER,900,1,9,1001,2,0,9,NA,NA,NA
1989-11-05 00:00:00,763888,RAIN,1,SSER,900,1,9,1001,0,0,9,NA,NA,NA
1989-11-06 00:00:00,763888,RAIN,1,SSER,900,1,9,1001,0.8,0,9,NA,NA,NA
1989-11-07 00:00:00,763888,RAIN,1,SSER,900,1,9,1001,2,0,9,NA,NA,NA
1989-11-08 00:00:00,763888,RAIN,1,SSER,900,1,9,1001,1.2,0,9,NA,NA,NA
1989-11-09 00:00:00,763888,RAIN,1,SSER,900,1,9,1001,10.8,0,9,NA,NA,NA
1989-11-10 00:00:00,763888,RAIN,1,SSER,900,1,9,1001,3.8,0,9,NA,NA,NA
1989-11-11 00:00:00,763888,RAIN,1,SSER,900,1,9,1001,11.4,0,9,NA,NA,NA
1989-11-12 00:00:00,763888,RAIN,1,SSER,900,1,9,1001,2,0,9,NA,NA,NA
1989-11-13 00:00:00,763888,RAIN,1,SSER,900,1,9,1001,0.6,0,9,NA,NA,NA
1989-11-14 00:00:00,763888,RAIN,1,SSER,900,1,9,1001,1.6,0,9,NA,NA,NA
1989-11-15 00:00:00,763888,RAIN,1,SSER,900,1,9,1001,0,0,9,NA,NA,NA
1989-11-16 00:00:00,763888,RAIN,1,SSER,900,1,9,1001,0,0,9,NA,NA,NA
1989-11-17 00:00:00,763888,RAIN,1,SSER,900,1,9,1001,0,0,9,NA,NA,NA
1989-11-18 00:00:00,763888,RAIN,1,SSER,900,1,9,1001,0,0,9,NA,NA,NA
1989-11-19 00:00:00,763888,RAIN,1,SSER,900,1,9,1001,4.6,0,9,NA,NA,NA
1989-11-20 00:00:00,763888,RAIN,1,SSER,900,1,9,1001,0.8,0,9,NA,NA,NA
1989-11-21 00:00:00,763888,RAIN,1,SSER,900,1,9,1001,0,0,9,NA,NA,NA
1989-11-22 00:00:00,763888,RAIN,1,SSER,900,1,9,1001,0.4,0,9,NA,NA,NA
1989-11-23 00:00:00,763888,RAIN,1,SSER,900,1,9,1001,1,0,9,NA,NA,NA
1989-11-24 00:00:00,763888,RAIN,1,SSER,900,1,9,1001,1.6,0,9,NA,NA,NA
1989-11-25 00:00:00,763888,RAIN,1,SSER,900,1,9,1001,1.6,0,9,NA,NA,NA
1989-11-26 00:00:00,763888,RAIN,1,SSER,900,1,9,1001,0.2,0,9,NA,NA,NA
1989-11-27 00:00:00,763888,RAIN,1,SSER,900,1,9,1001,0,0,9,NA,NA,NA
1989-11-28 00:00:00,763888,RAIN,1,SSER,900,1,9,1001,0,0,9,NA,NA,NA
1989-11-29 00:00:00,763888,RAIN,1,SSER,900,1,9,1001,2,0,9,NA,NA,NA
1989-11-30 00:00:00,763888,RAIN,1,SSER,900,1,9,1001,0.2,0,9,NA,NA,NA
1989-12-01 00:00:00,763888,RAIN,1,SSER,900,1,9,1001,0,0,9,NA,NA,NA
1989-12-02 00:00:00,763888,RAIN,1,SSER,900,1,9,1001,0,0,9,NA,NA,NA
1989-12-03 00:00:00,763888,RAIN,1,SSER,900,1,9,1001,5.6,0,9,NA,NA,NA
1989-12-04 00:00:00,763888,RAIN,1,SSER,900,1,9,1001,1.2,0,9,NA,NA,NA
1989-12-05 00:00:00,763888,RAIN,1,SSER,900,1,9,1001,0.4,0,9,NA,NA,NA
1989-12-06 00:00:00,763888,RAIN,1,SSER,900,1,9,1001,0.2,0,9,NA,NA,NA
1989-12-07 00:00:00,763888,RAIN,1,SSER,900,1,9,1001,0.2,0,9,NA,NA,NA
1989-12-08 00:00:00,763888,RAIN,1,SSER,900,1,9,1001,1,0,9,NA,NA,NA
1989-12-09 00:00:00,763888,RAIN,1,SSER,900,1,9,1001,1,0,9,NA,NA,NA
1989-12-10 00:00:00,763888,RAIN,1,SSER,900,1,9,1001,2.2,0,9,NA,NA,NA
1989-12-11 00:00:00,763888,RAIN,1,SSER,900,1,9,1001,0.4,0,9,NA,NA,NA
1989-12-12 00:00:00,763888,RAIN,1,SSER,900,1,9,1001,0.4,0,9,NA,NA,NA
1989-12-13 00:00:00,763888,RAIN,1,SSER,900,1,9,1001,1,0,1209,NA,NA,NA
1989-12-14 00:00:00,763888,RAIN,1,SSER,900,1,9,1001,2.6,0,1209,NA,NA,NA
1989-12-15 00:00:00,763888,RAIN,1,SSER,900,1,9,1001,0,0,9,NA,NA,NA
1989-12-16 00:00:00,763888,RAIN,1,SSER,900,1,9,1001,1.5,0,1209,NA,NA,NA
1989-12-17 00:00:00,763888,RAIN,1,SSER,900,1,9,1001,4.2,0,9,NA,NA,NA
1989-12-18 00:00:00,763888,RAIN,1,SSER,900,1,9,1001,23,0,9,NA,NA,NA
1989-12-19 00:00:00,763888,RAIN,1,SSER,900,1,9,1001,10.4,0,1209,NA,NA,NA
1989-12-20 00:00:00,763888,RAIN,1,SSER,900,1,9,1001,1,0,9,NA,NA,NA
1989-12-21 00:00:00,763888,RAIN,1,SSER,900,1,9,1001,6.4,0,9,NA,NA,NA
1989-12-22 00:00:00,763888,RAIN,1,SSER,900,1,9,1001,7.2,0,9,NA,NA,NA
1989-12-23 00:00:00,763888,RAIN,1,SSER,900,1,9,1001,2.4,0,9,NA,NA,NA
1989-12-24 00:00:00,763888,RAIN,1,SSER,900,1,9,1001,2.2,0,9,NA,NA,NA
1989-12-25 00:00:00,763888,RAIN,1,SSER,900,1,9,1001,0.4,0,9,NA,NA,NA
1989-12-26 00:00:00,763888,RAIN,1,SSER,900,1,9,1001,1.4,0,9,NA,NA,NA
1989-12-27 00:00:00,763888,RAIN,1,SSER,900,1,9,1001,3.6,0,9,NA,NA,NA
1989-12-28 00:00:00,763888,RAIN,1,SSER,900,1,9,1001,0,0,9,NA,NA,NA
1989-12-29 00:00:00,763888,RAIN,1,SSER,900,1,9,1001,0,0,9,NA,NA,NA
1989-12-30 00:00:00,763888,RAIN,1,SSER,900,1,9,1001,0.2,0,9,NA,NA,NA
1989-12-31 00:00:00,763888,RAIN,1,SSER,900,1,9,1001,1.2,0,9,NA,NA,NA
end data
