Conventions,G,BADC-CSV,1
title,G,uk-daily-rain-obs
source,G,Met Office MIDAS database
creator,G,Met Office
activity,G,Met Office MIDAS Open: UK Land Surface Stations Data
feature_type,G,point series
collection_name,G,midas-open
collection_version_number,G,dataset-version-202107
history,G,Created 2021-07-15
last_revised_date,G,2021-07-15
observation_station,G,orkney-loch-of-hundland
historic_county_name,G,orkney
midas_station_id,G,25315
location,G,59.112,-3.229
height,G,28,m
date_valid,G,2008-01-01 00:00:00,2008-12-31 23:59:59
midas_qc_version_number,G,1
comments,G,The midas_qc_version_number indicates if the data are original received message (0) or current best version (1)
comments,G,This file contains station observations
comments,G,missing values are identified with the missing data flag
missing_value,G,NA
coordinate_variable,ob_date,t
long_name,ob_date,Date of observation,s
type,ob_date,char
comments,ob_date,Date and time (YYYY-MM-DD HH:MM:SS) of the observation
long_name,id,station identifier,1
type,id,char
comments,id,a station may have more than one id assigned to it designated by the id_type
long_name,id_type,identifier type,1
type,id_type,char
comments,id_type,a station may have more than one id assigned to it defined by id_type
long_name,version_num,midas qc version number,1
type,version_num,int
comments,version_num,The midas_qc_version_number indicates if the data are original received message (0) or current best version (1)
long_name,met_domain_name,message type,1
type,met_domain_name,char
comments,met_domain_name,message type (see MIDAS documentation)
long_name,ob_day_cnt,Observation day count,day
type,ob_day_cnt,int
long_name,ob_end_ctime,clock time at end of observation as HHMM,s
type,ob_end_ctime,char
long_name,src_id,unique source identifier or station site number,1
type,src_id,int
comments,src_id,unique source identifier or station site number
long_name,rec_st_ind,state indicator for the record,1
type,rec_st_ind,int
comments,rec_st_ind,state indicator for the current stage in the life of the record (see MIDAS documentation)
long_name,prcp_amt,Precipitation amount,mm
type,prcp_amt,float
long_name,ob_day_cnt_q,QC code: observation day count,1
type,ob_day_cnt_q,int
long_name,prcp_amt_q,QC code: precipitation amount,1
type,prcp_amt_q,int
long_name,prcp_amt_j,Descriptor: precipitation amount,1
type,prcp_amt_j,int
long_name,meto_stmp_time,Met Office receipt stamp time,s
type,meto_stmp_time,char
comments,meto_stmp_time,Met Office receipt stampe time in format (YYYY-MM-DD HH:MM:SS)
long_name,midas_stmp_etime,Elapsed time to storage in MIDAS ,minutes
type,midas_stmp_etime,int
data
ob_date,id,id_type,version_num,met_domain_name,ob_end_ctime,ob_day_cnt,src_id,rec_st_ind,prcp_amt,ob_day_cnt_q,prcp_amt_q,prcp_amt_j,meto_stmp_time,midas_stmp_etime
2008-01-01 00:00:00,765936,RAIN,1,DLY3208,900,1,25315,1011,3.3,0,6,NA,2008-01-02 12:08:15,47
2008-01-02 00:00:00,765936,RAIN,1,DLY3208,900,1,25315,1011,1.1,0,6,NA,2008-01-02 12:08:15,42
2008-01-03 00:00:00,765936,RAIN,1,DLY3208,900,1,25315,1011,1.9,0,6,NA,2008-01-03 12:08:15,45
2008-01-04 00:00:00,765936,RAIN,1,DLY3208,900,1,25315,1011,7.3,0,6,NA,2008-01-04 15:08:12,6
2008-01-05 00:00:00,765936,RAIN,1,DLY3208,900,1,25315,1011,11.9,0,6,NA,2008-01-06 12:08:13,8
2008-01-06 00:00:00,765936,RAIN,1,DLY3208,900,1,25315,1011,3.6,0,6,NA,2008-01-06 12:08:13,6
2008-01-07 00:00:00,765936,RAIN,1,DLY3208,900,1,25315,1011,2.2,0,6,NA,2008-01-07 20:08:12,36
2008-01-08 00:00:00,765936,RAIN,1,DLY3208,900,1,25315,1011,0.7,0,6,NA,2008-01-08 13:08:11,57
2008-01-09 00:00:00,765936,RAIN,1,DLY3208,900,1,25315,1011,10.3,0,6,NA,2008-01-09 10:08:14,20
2008-01-10 00:00:00,765936,RAIN,1,DLY3208,900,1,25315,1011,7,0,6,NA,2008-01-10 10:08:49,37
2008-01-11 00:00:00,765936,RAIN,1,DLY3208,900,1,25315,1011,16.5,0,6,NA,2008-01-11 10:08:16,13
2008-01-12 00:00:00,765936,RAIN,1,DLY3208,900,1,25315,1011,6.9,0,6,NA,2008-01-12 11:08:12,38
2008-01-13 00:00:00,765936,RAIN,1,DLY3208,900,1,25315,1011,9.6,0,6,NA,2008-01-13 17:08:14,36
2008-01-14 00:00:00,765936,RAIN,1,DLY3208,900,1,25315,1011,12.6,0,6,NA,2008-01-14 10:08:16,18
2008-01-15 00:00:00,765936,RAIN,1,DLY3208,900,1,25315,1011,3.9,0,6,NA,2008-01-15 10:08:48,36
2008-01-16 00:00:00,765936,RAIN,1,DLY3208,900,1,25315,1011,1.7,0,6,NA,2008-01-16 20:08:08,15
2008-01-17 00:00:00,765936,RAIN,1,DLY3208,900,1,25315,1011,3,0,6,NA,2008-01-17 13:08:13,48
2008-01-18 00:00:00,765936,RAIN,1,DLY3208,900,1,25315,1011,3.2,0,6,NA,2008-01-18 13:08:09,24
2008-01-19 00:00:00,765936,RAIN,1,DLY3208,900,1,25315,1011,13.2,0,6,NA,2008-01-20 12:08:09,37
2008-01-20 00:00:00,765936,RAIN,1,DLY3208,900,1,25315,1011,12.3,0,6,NA,2008-01-20 12:08:09,32
2008-01-21 00:00:00,765936,RAIN,1,DLY3208,900,1,25315,1011,1.2,0,6,NA,2008-01-22 10:08:15,31
2008-01-22 00:00:00,765936,RAIN,1,DLY3208,900,1,25315,1011,0,0,6,NA,2008-01-22 10:08:15,29
2008-01-23 00:00:00,765936,RAIN,1,DLY3208,900,1,25315,1011,4.6,0,6,NA,2008-01-23 21:08:09,54
2008-01-24 00:00:00,765936,RAIN,1,DLY3208,900,1,25315,1011,8.4,0,6,NA,2008-01-25 10:08:14,10
2008-01-25 00:00:00,765936,RAIN,1,DLY3208,900,1,25315,1011,10.3,0,6,NA,2008-01-25 10:08:14,10
2008-01-26 00:00:00,765936,RAIN,1,DLY3208,900,1,25315,1011,10,0,6,NA,2008-01-26 10:08:13,40
2008-01-27 00:00:00,765936,RAIN,1,DLY3208,900,1,25315,1011,15.3,0,6,NA,2008-01-27 12:08:09,26
2008-01-28 00:00:00,765936,RAIN,1,DLY3208,900,1,25315,1011,1,0,6,NA,2008-01-28 10:08:28,34
2008-01-29 00:00:00,765936,RAIN,1,DLY3208,900,1,25315,1011,11,0,6,NA,2008-01-30 11:13:15,115
2008-01-30 00:00:00,765936,RAIN,1,DLY3208,900,1,25315,1011,2.3,0,6,NA,2008-01-30 11:13:15,113
2008-01-31 00:00:00,765936,RAIN,1,DLY3208,900,1,25315,1011,4.7,0,6,NA,2008-01-31 10:08:20,34
2008-02-01 00:00:00,765936,RAIN,1,DLY3208,900,1,25315,1011,11.1,0,6,NA,2008-02-01 10:08:12,33
2008-02-02 00:00:00,765936,RAIN,1,DLY3208,900,1,25315,1011,1.1,0,6,NA,2008-02-02 13:08:07,59
2008-02-03 00:00:00,765936,RAIN,1,DLY3208,900,1,25315,1011,3.1,0,6,NA,2008-02-03 13:08:13,43
2008-02-04 00:00:00,765936,RAIN,1,DLY3208,900,1,25315,1011,0.3,0,6,NA,2008-02-04 10:08:23,36
2008-02-05 00:00:00,765936,RAIN,1,DLY3208,900,1,25315,1011,1.2,0,6,NA,2008-02-05 11:08:14,36
2008-02-06 00:00:00,765936,RAIN,1,DLY3208,900,1,25315,1011,1.2,0,6,NA,2008-02-06 10:08:55,46
2008-02-07 00:00:00,765936,RAIN,1,DLY3208,900,1,25315,1011,2.7,0,6,NA,2008-02-07 10:08:16,38
2008-02-08 00:00:00,765936,RAIN,1,DLY3208,900,1,25315,1011,0.3,0,6,NA,2008-02-08 10:08:18,50
2008-02-09 00:00:00,765936,RAIN,1,DLY3208,900,1,25315,1011,0,0,6,NA,2008-02-10 11:08:10,0
2008-02-10 00:00:00,765936,RAIN,1,DLY3208,900,1,25315,1011,0,0,6,NA,2008-02-10 12:08:08,56
2008-02-11 00:00:00,765936,RAIN,1,DLY3208,900,1,25315,1011,0,0,6,NA,2008-02-11 10:08:13,2
2008-02-12 00:00:00,765936,RAIN,1,DLY3208,900,1,25315,1011,0,0,6,NA,2008-02-12 10:08:12,31
2008-02-13 00:00:00,765936,RAIN,1,DLY3208,900,1,25315,1011,0,0,6,NA,2008-02-13 12:08:08,170
2008-02-14 00:00:00,765936,RAIN,1,DLY3208,900,1,25315,1011,0,0,6,NA,2008-02-14 11:08:10,58
2008-02-15 00:00:00,765936,RAIN,1,DLY3208,900,1,25315,1011,0,0,6,NA,2008-02-15 10:08:17,18
2008-02-16 00:00:00,765936,RAIN,1,DLY3208,900,1,25315,1011,0,0,6,NA,2008-02-16 13:08:11,43
2008-02-17 00:00:00,765936,RAIN,1,DLY3208,900,1,25315,1011,0,0,6,NA,2008-02-17 13:08:08,51
2008-02-18 00:00:00,765936,RAIN,1,DLY3208,900,1,25315,1011,0,0,6,NA,2008-02-18 10:09:19,26
2008-02-19 00:00:00,765936,RAIN,1,DLY3208,900,1,25315,1011,0.7,0,6,NA,2008-02-20 10:08:18,30
2008-02-20 00:00:00,765936,RAIN,1,DLY3208,900,1,25315,1011,0,0,6,NA,2008-02-20 10:08:18,28
2008-02-21 00:00:00,765936,RAIN,1,DLY3208,900,1,25315,1011,6.5,0,6,NA,2008-02-21 21:08:10,34
2008-02-22 00:00:00,765936,RAIN,1,DLY3208,900,1,25315,1011,7.6,0,6,NA,2008-02-26 21:08:08,16
2008-02-23 00:00:00,765936,RAIN,1,DLY3208,900,1,25315,1011,7.1,0,6,NA,2008-02-26 21:08:08,12
2008-02-24 00:00:00,765936,RAIN,1,DLY3208,900,1,25315,1011,8.7,0,6,NA,2008-02-26 21:08:08,10
2008-02-25 00:00:00,765936,RAIN,1,DLY3208,900,1,25315,1011,3.4,0,6,NA,2008-02-26 23:08:09,20
2008-02-26 00:00:00,765936,RAIN,1,DLY3208,900,1,25315,1011,4,0,6,NA,2008-03-01 10:08:23,26
2008-02-27 00:00:00,765936,RAIN,1,DLY3208,900,1,25315,1011,1.4,0,6,NA,2008-03-01 10:08:23,26
2008-02-28 00:00:00,765936,RAIN,1,DLY3208,900,1,25315,1011,6,0,6,NA,2008-02-28 23:08:11,3
2008-02-29 00:00:00,765936,RAIN,1,DLY3208,900,1,25315,1011,1.5,0,6,NA,2008-02-29 10:08:17,29
2008-03-01 00:00:00,765936,RAIN,1,DLY3208,900,1,25315,1011,14.4,0,6,NA,2008-03-01 10:08:23,29
2008-03-02 00:00:00,765936,RAIN,1,DLY3208,900,1,25315,1011,1.1,0,6,NA,2008-03-02 12:08:08,44
2008-03-03 00:00:00,765936,RAIN,1,DLY3208,900,1,25315,1011,10.9,0,6,NA,2008-03-05 10:08:14,2769
2008-03-04 00:00:00,765936,RAIN,1,DLY3208,900,1,25315,1011,3.2,0,6,NA,2008-03-04 10:08:19,41
2008-03-05 00:00:00,765936,RAIN,1,DLY3208,900,1,25315,1011,0.6,0,6,NA,2008-03-05 10:08:14,39
2008-03-06 00:00:00,765936,RAIN,1,DLY3208,900,1,25315,1011,9.5,0,6,NA,2008-03-06 10:09:01,12
2008-03-07 00:00:00,765936,RAIN,1,DLY3208,900,1,25315,1011,4.3,0,6,NA,2008-03-07 10:08:16,22
2008-03-08 00:00:00,765936,RAIN,1,DLY3208,900,1,25315,1011,10.6,0,6,NA,2008-03-08 12:08:13,54
2008-03-09 00:00:00,765936,RAIN,1,DLY3208,900,1,25315,1011,3.6,0,6,NA,2008-03-09 13:08:11,57
2008-03-10 00:00:00,765936,RAIN,1,DLY3208,900,1,25315,1011,0.9,0,6,NA,2008-03-10 10:08:17,42
2008-03-11 00:00:00,765936,RAIN,1,DLY3208,900,1,25315,1011,6.7,0,6,NA,2008-03-11 10:08:21,39
2008-03-12 00:00:00,765936,RAIN,1,DLY3208,900,1,25315,1011,1.9,0,6,NA,2008-03-15 13:08:10,31
2008-03-13 00:00:00,765936,RAIN,1,DLY3208,900,1,25315,1011,10.8,0,6,NA,2008-03-15 13:08:10,29
2008-03-14 00:00:00,765936,RAIN,1,DLY3208,900,1,25315,1011,4.9,0,6,NA,2008-03-15 13:08:10,24
2008-03-15 00:00:00,765936,RAIN,1,DLY3208,900,1,25315,1011,1.3,0,6,NA,2008-03-15 13:08:10,22
2008-03-16 00:00:00,765936,RAIN,1,DLY3208,900,1,25315,1011,0.5,0,6,NA,2008-03-17 09:08:15,40
2008-03-17 00:00:00,765936,RAIN,1,DLY3208,900,1,25315,1011,0.3,0,6,NA,2008-03-17 13:08:35,9
2008-03-18 00:00:00,765936,RAIN,1,DLY3208,900,1,25315,1011,0.9,0,6,NA,2008-03-18 23:08:24,11
2008-03-19 00:00:00,765936,RAIN,1,DLY3208,900,1,25315,1011,2.9,0,6,NA,2008-03-20 09:08:15,13
2008-03-20 00:00:00,765936,RAIN,1,DLY3208,900,1,25315,1011,15.4,0,6,NA,2008-03-20 10:08:19,41
2008-03-21 00:00:00,765936,RAIN,1,DLY3208,900,1,25315,1011,4.1,0,6,NA,2008-03-22 10:08:14,26
2008-03-22 00:00:00,765936,RAIN,1,DLY3208,900,1,25315,1011,4.1,0,6,NA,2008-03-22 10:08:14,24
2008-03-23 00:00:00,765936,RAIN,1,DLY3208,900,1,25315,1011,1.9,0,6,NA,2008-03-31 09:08:54,18
2008-03-24 00:00:00,765936,RAIN,1,DLY3208,900,1,25315,1011,1.1,0,6,NA,2008-03-31 09:08:54,18
2008-03-25 00:00:00,765936,RAIN,1,DLY3208,900,1,25315,1011,0.9,0,6,NA,2008-03-26 10:09:00,22
2008-03-26 00:00:00,765936,RAIN,1,DLY3208,900,1,25315,1011,0.3,0,6,NA,2008-03-26 10:09:00,20
2008-03-27 00:00:00,765936,RAIN,1,DLY3208,900,1,25315,1011,0,0,6,NA,2008-03-28 16:08:13,53
2008-03-28 00:00:00,765936,RAIN,1,DLY3208,900,1,25315,1011,0.8,0,6,NA,2008-03-28 16:08:13,51
2008-03-29 00:00:00,765936,RAIN,1,DLY3208,900,1,25315,1011,4,0,6,NA,2008-03-29 11:08:13,47
2008-03-30 00:00:00,765936,RAIN,1,DLY3208,900,1,25315,1011,0.3,0,6,NA,2008-03-30 12:08:12,23
2008-03-31 00:00:00,765936,RAIN,1,DLY3208,900,1,25315,1011,2.5,0,6,NA,2008-04-01 10:08:46,44
2008-04-01 00:00:00,765936,RAIN,1,DLY3208,900,1,25315,1011,2.5,0,6,NA,2008-04-02 12:09:00,40
2008-04-02 00:00:00,765936,RAIN,1,DLY3208,900,1,25315,1011,0.1,0,6,NA,2008-04-02 12:09:00,38
2008-04-03 00:00:00,765936,RAIN,1,DLY3208,900,1,25315,1011,0.7,0,6,NA,2008-04-04 10:08:51,33
2008-04-04 00:00:00,765936,RAIN,1,DLY3208,900,1,25315,1011,2.7,0,6,NA,2008-04-04 10:08:51,31
2008-04-05 00:00:00,765936,RAIN,1,DLY3208,900,1,25315,1011,2.6,0,6,NA,2008-04-05 10:08:22,28
2008-04-06 00:00:00,765936,RAIN,1,DLY3208,900,1,25315,1011,3.4,0,6,NA,2008-04-06 14:08:11,49
2008-04-07 00:00:00,765936,RAIN,1,DLY3208,900,1,25315,1011,5.4,0,6,NA,2008-04-07 11:08:13,27
2008-04-08 00:00:00,765936,RAIN,1,DLY3208,900,1,25315,1011,8.5,0,6,NA,2008-04-08 16:08:13,58
2008-04-09 00:00:00,765936,RAIN,1,DLY3208,900,1,25315,1011,8,0,6,NA,2008-04-09 20:08:02,16
2008-04-10 00:00:00,765936,RAIN,1,DLY3208,900,1,25315,1011,0,0,6,NA,2008-04-10 11:08:02,51
2008-04-11 00:00:00,765936,RAIN,1,DLY3208,900,1,25315,1011,1.2,0,6,NA,2008-04-11 10:08:28,51
2008-04-12 00:00:00,765936,RAIN,1,DLY3208,900,1,25315,1011,1.5,0,6,NA,2008-04-12 11:08:12,42
2008-04-13 00:00:00,765936,RAIN,1,DLY3208,900,1,25315,1011,1,0,6,NA,2008-04-28 12:08:14,21699
2008-04-14 00:00:00,765936,RAIN,1,DLY3208,900,1,25315,1011,2.8,0,6,NA,2008-04-14 10:08:13,17
2008-04-15 00:00:00,765936,RAIN,1,DLY3208,900,1,25315,1011,2,0,6,NA,2008-04-15 11:08:06,51
2008-04-16 00:00:00,765936,RAIN,1,DLY3208,900,1,25315,1011,0,0,6,NA,2008-04-16 11:08:29,55
2008-04-17 00:00:00,765936,RAIN,1,DLY3208,900,1,25315,1011,0,0,6,NA,2008-04-17 10:08:33,19
2008-04-18 00:00:00,765936,RAIN,1,DLY3208,900,1,25315,1011,0,0,6,NA,2008-04-18 10:08:43,12
2008-04-19 00:00:00,765936,RAIN,1,DLY3208,900,1,25315,1011,0,0,6,NA,2008-04-19 10:08:06,55
2008-04-20 00:00:00,765936,RAIN,1,DLY3208,900,1,25315,1011,0,0,6,NA,2008-04-20 11:08:03,22
2008-04-21 00:00:00,765936,RAIN,1,DLY3208,900,1,25315,1011,0,0,6,NA,2008-04-21 10:08:18,56
2008-04-22 00:00:00,765936,RAIN,1,DLY3208,900,1,25315,1011,0,0,6,NA,2008-04-22 10:08:09,31
2008-04-23 00:00:00,765936,RAIN,1,DLY3208,900,1,25315,1011,0,0,6,NA,2008-04-23 10:08:07,33
2008-04-24 00:00:00,765936,RAIN,1,DLY3208,900,1,25315,1011,0,0,6,NA,2008-04-24 11:08:19,58
2008-04-25 00:00:00,765936,RAIN,1,DLY3208,900,1,25315,1011,1.3,0,6,NA,2008-04-25 10:08:09,38
2008-04-26 00:00:00,765936,RAIN,1,DLY3208,900,1,25315,1011,6.5,0,6,NA,2008-04-26 10:08:06,29
2008-04-27 00:00:00,765936,RAIN,1,DLY3208,900,1,25315,1011,2.5,0,6,NA,2008-04-27 11:08:06,29
2008-04-28 00:00:00,765936,RAIN,1,DLY3208,900,1,25315,1011,0,0,6,NA,2008-04-29 10:08:04,12
2008-04-29 00:00:00,765936,RAIN,1,DLY3208,900,1,25315,1011,19.8,0,6,NA,2008-04-29 10:08:04,9
2008-04-30 00:00:00,765936,RAIN,1,DLY3208,900,1,25315,1011,2.1,0,6,NA,2008-04-30 10:08:06,35
2008-05-01 00:00:00,765936,RAIN,1,DLY3208,900,1,25315,1011,11.3,0,6,NA,2008-05-01 11:08:03,50
2008-05-02 00:00:00,765936,RAIN,1,DLY3208,900,1,25315,1011,0.3,0,6,NA,2008-05-02 10:08:40,12
2008-05-03 00:00:00,765936,RAIN,1,DLY3208,900,1,25315,1011,0.3,0,6,NA,2008-05-03 10:08:11,49
2008-05-04 00:00:00,765936,RAIN,1,DLY3208,900,1,25315,1011,0,0,6,NA,2008-05-04 11:08:02,15
2008-05-05 00:00:00,765936,RAIN,1,DLY3208,900,1,25315,1011,2.9,0,6,NA,2008-05-05 22:08:06,28
2008-05-06 00:00:00,765936,RAIN,1,DLY3208,900,1,25315,1011,0,0,6,NA,2008-05-06 19:08:07,6
2008-05-07 00:00:00,765936,RAIN,1,DLY3208,900,1,25315,1011,0,0,6,NA,2008-05-07 20:08:05,31
2008-05-08 00:00:00,765936,RAIN,1,DLY3208,900,1,25315,1011,0,0,6,NA,2008-05-08 10:08:06,55
2008-05-09 00:00:00,765936,RAIN,1,DLY3208,900,1,25315,1011,0,0,6,NA,2008-05-10 12:08:05,45
2008-05-10 00:00:00,765936,RAIN,1,DLY3208,900,1,25315,1011,0,0,10006,NA,2008-05-10 12:08:05,43
2008-05-11 00:00:00,765936,RAIN,1,DLY3208,900,1,25315,1011,0,0,6,NA,2008-05-11 12:08:05,25
2008-05-12 00:00:00,765936,RAIN,1,DLY3208,900,1,25315,1011,0,0,6,NA,2008-05-13 10:08:07,49
2008-05-13 00:00:00,765936,RAIN,1,DLY3208,900,1,25315,1011,0,0,6,NA,2008-05-13 10:08:07,47
2008-05-14 00:00:00,765936,RAIN,1,DLY3208,900,1,25315,1011,0,0,6,NA,2008-05-14 11:08:04,43
2008-05-15 00:00:00,765936,RAIN,1,DLY3208,900,1,25315,1011,0,0,6,NA,2008-05-15 10:08:05,19
2008-05-16 00:00:00,765936,RAIN,1,DLY3208,900,1,25315,1011,0,0,6,NA,2008-05-16 10:08:07,40
2008-05-17 00:00:00,765936,RAIN,1,DLY3208,900,1,25315,1011,0,0,6,NA,2008-05-17 10:08:05,8
2008-05-18 00:00:00,765936,RAIN,1,DLY3208,900,1,25315,1011,0.2,0,6,NA,2008-05-18 11:08:04,35
2008-05-19 00:00:00,765936,RAIN,1,DLY3208,900,1,25315,1011,0.7,0,6,NA,2008-05-19 22:08:05,16
2008-05-20 00:00:00,765936,RAIN,1,DLY3208,900,1,25315,1011,0,0,6,NA,2008-05-20 10:08:06,2
2008-05-21 00:00:00,765936,RAIN,1,DLY3208,900,1,25315,1011,0,0,6,NA,2008-05-22 08:08:07,1245
2008-05-22 00:00:00,765936,RAIN,1,DLY3208,900,1,25315,1011,0,0,6,NA,2008-05-22 10:08:06,8
2008-05-23 00:00:00,765936,RAIN,1,DLY3208,900,1,25315,1011,0,0,6,NA,2008-05-23 10:08:08,38
2008-05-24 00:00:00,765936,RAIN,1,DLY3208,900,1,25315,1011,0,0,6,NA,2008-05-24 10:08:06,47
2008-05-25 00:00:00,765936,RAIN,1,DLY3208,900,1,25315,1011,0,0,6,NA,2008-05-25 12:08:02,55
2008-05-26 00:00:00,765936,RAIN,1,DLY3208,900,1,25315,1011,0,0,6,NA,2008-05-26 10:08:08,33
2008-05-27 00:00:00,765936,RAIN,1,DLY3208,900,1,25315,1011,0,0,6,NA,2008-05-27 13:08:07,58
2008-05-28 00:00:00,765936,RAIN,1,DLY3208,900,1,25315,1011,0,0,6,NA,2008-05-28 12:08:05,31
2008-05-29 00:00:00,765936,RAIN,1,DLY3208,900,1,25315,1011,2.5,0,6,NA,2008-05-30 19:08:05,6
2008-05-30 00:00:00,765936,RAIN,1,DLY3208,900,1,25315,1011,0,0,6,NA,2008-05-30 19:08:05,4
2008-05-31 00:00:00,765936,RAIN,1,DLY3208,900,1,25315,1011,0.5,0,6,NA,2008-05-31 10:08:05,2
2008-06-01 00:00:00,765936,RAIN,1,DLY3208,900,1,25315,1011,0,0,6,NA,2008-06-01 11:08:07,42
2008-06-02 00:00:00,765936,RAIN,1,DLY3208,900,1,25315,1011,1.8,0,6,NA,2008-06-03 21:08:05,47
2008-06-03 00:00:00,765936,RAIN,1,DLY3208,900,1,25315,1011,0,0,6,NA,2008-06-03 21:08:05,45
2008-06-04 00:00:00,765936,RAIN,1,DLY3208,900,1,25315,1011,9.2,0,6,NA,2008-06-04 21:08:04,19
2008-06-05 00:00:00,765936,RAIN,1,DLY3208,900,1,25315,1011,0,0,6,NA,2008-06-05 10:08:07,46
2008-06-06 00:00:00,765936,RAIN,1,DLY3208,900,1,25315,1011,3.1,0,6,NA,2008-06-09 10:26:20,2951
2008-06-07 00:00:00,765936,RAIN,1,DLY3208,900,1,25315,1011,0,0,6,NA,2008-06-09 10:26:20,2948
2008-06-08 00:00:00,765936,RAIN,1,DLY3208,900,1,25315,1011,0.8,0,6,NA,2008-06-09 10:26:20,1353
2008-06-09 00:00:00,765936,RAIN,1,DLY3208,900,1,25315,1011,0,0,6,NA,2008-06-09 12:08:28,10
2008-06-10 00:00:00,765936,RAIN,1,DLY3208,900,1,25315,1011,0.7,0,6,NA,2008-06-10 11:08:03,57
2008-06-11 00:00:00,765936,RAIN,1,DLY3208,900,1,25315,1011,1.1,0,6,NA,2008-06-11 12:08:02,52
2008-06-12 00:00:00,765936,RAIN,1,DLY3208,900,1,25315,1011,0.6,0,6,NA,2008-06-12 21:08:01,22
2008-06-13 00:00:00,765936,RAIN,1,DLY3208,900,1,25315,1011,0.5,0,6,NA,2008-06-14 13:08:04,22
2008-06-14 00:00:00,765936,RAIN,1,DLY3208,900,1,25315,1011,5,0,6,NA,2008-06-14 13:08:04,19
2008-06-15 00:00:00,765936,RAIN,1,DLY3208,900,1,25315,1011,3.5,0,6,NA,2008-06-15 11:08:03,6
2008-06-16 00:00:00,765936,RAIN,1,DLY3208,900,1,25315,1011,0.7,0,6,NA,2008-06-17 16:08:04,26
2008-06-17 00:00:00,765936,RAIN,1,DLY3208,900,1,25315,1011,7.5,0,6,NA,2008-06-17 16:08:04,24
2008-06-18 00:00:00,765936,RAIN,1,DLY3208,900,1,25315,1011,0.3,0,6,NA,2008-06-19 11:08:03,50
2008-06-19 00:00:00,765936,RAIN,1,DLY3208,900,1,25315,1011,14.1,0,6,NA,2008-06-19 11:08:03,47
2008-06-20 00:00:00,765936,RAIN,1,DLY3208,900,1,25315,1011,8.6,0,6,NA,2008-06-21 08:08:07,34
2008-06-21 00:00:00,765936,RAIN,1,DLY3208,900,1,25315,1011,4.3,0,6,NA,2008-06-22 12:08:05,51
2008-06-22 00:00:00,765936,RAIN,1,DLY3208,900,1,25315,1011,1.2,0,6,NA,2008-06-22 12:08:05,50
2008-06-23 00:00:00,765936,RAIN,1,DLY3208,900,1,25315,1011,3.6,0,6,NA,2008-06-28 09:08:06,60
2008-06-24 00:00:00,765936,RAIN,1,DLY3208,900,1,25315,1011,0.3,0,6,NA,2008-06-28 08:08:04,1
2008-06-25 00:00:00,765936,RAIN,1,DLY3208,900,1,25315,1011,1,0,6,NA,2008-06-28 08:08:04,1
2008-06-26 00:00:00,765936,RAIN,1,DLY3208,900,1,25315,1011,8.1,0,6,NA,2008-06-28 08:08:04,7
2008-06-27 00:00:00,765936,RAIN,1,DLY3208,900,1,25315,1011,0,0,6,NA,2008-06-28 08:08:04,2
2008-06-28 00:00:00,765936,RAIN,1,DLY3208,900,1,25315,1011,0.8,0,6,NA,2008-06-28 11:08:02,57
2008-06-29 00:00:00,765936,RAIN,1,DLY3208,900,1,25315,1011,0.8,0,6,NA,2008-06-29 23:08:02,56
2008-06-30 00:00:00,765936,RAIN,1,DLY3208,900,1,25315,1011,1.6,0,6,NA,2008-06-30 10:08:10,19
2008-07-01 00:00:00,765936,RAIN,1,DLY3208,900,1,25315,1011,1.7,0,6,NA,2008-07-01 10:08:35,49
2008-07-02 00:00:00,765936,RAIN,1,DLY3208,900,1,25315,1011,3.3,0,6,NA,2008-07-02 11:08:04,60
2008-07-03 00:00:00,765936,RAIN,1,DLY3208,900,1,25315,1011,0,0,6,NA,2008-07-04 08:08:07,38
2008-07-04 00:00:00,765936,RAIN,1,DLY3208,900,1,25315,1011,0.7,0,6,NA,2008-07-04 10:08:26,31
2008-07-05 00:00:00,765936,RAIN,1,DLY3208,900,1,25315,1011,0,0,6,NA,2008-08-01 23:08:07,41
2008-07-06 00:00:00,765936,RAIN,1,DLY3208,900,1,25315,1011,0,0,6,NA,2008-07-06 11:08:05,35
2008-07-07 00:00:00,765936,RAIN,1,DLY3208,900,1,25315,1011,0,0,6,NA,2008-07-08 17:08:17,562
2008-07-08 00:00:00,765936,RAIN,1,DLY3208,900,1,25315,1011,4.6,0,6,NA,2008-07-08 17:08:17,376
2008-07-09 00:00:00,765936,RAIN,1,DLY3208,900,1,25315,1011,0,0,6,NA,2008-07-10 23:08:04,33
2008-07-10 00:00:00,765936,RAIN,1,DLY3208,900,1,25315,1011,0.3,0,6,NA,2008-07-10 23:08:04,35
2008-07-11 00:00:00,765936,RAIN,1,DLY3208,900,1,25315,1011,0.3,0,6,NA,2008-07-11 11:08:09,57
2008-07-12 00:00:00,765936,RAIN,1,DLY3208,900,1,25315,1011,8.9,0,6,NA,2008-07-12 10:08:06,42
2008-07-13 00:00:00,765936,RAIN,1,DLY3208,900,1,25315,1011,0,0,6,NA,2008-07-13 12:08:01,34
2008-07-14 00:00:00,765936,RAIN,1,DLY3208,900,1,25315,1011,2,0,6,NA,2008-07-14 14:08:12,12
2008-07-15 00:00:00,765936,RAIN,1,DLY3208,900,1,25315,1011,6.2,0,6,NA,2008-07-16 10:08:08,50
2008-07-16 00:00:00,765936,RAIN,1,DLY3208,900,1,25315,1011,2.9,0,6,NA,2008-07-16 10:08:08,49
2008-07-17 00:00:00,765936,RAIN,1,DLY3208,900,1,25315,1011,1,0,6,NA,2008-07-18 15:08:05,19
2008-07-18 00:00:00,765936,RAIN,1,DLY3208,900,1,25315,1011,0,0,6,NA,2008-07-18 15:08:05,16
2008-07-19 00:00:00,765936,RAIN,1,DLY3208,900,1,25315,1011,6.1,0,6,NA,2008-07-19 11:08:01,37
2008-07-20 00:00:00,765936,RAIN,1,DLY3208,900,1,25315,1011,0.1,0,6,NA,2008-07-21 11:08:04,4
2008-07-21 00:00:00,765936,RAIN,1,DLY3208,900,1,25315,1011,0,0,6,NA,2008-07-21 11:08:04,2
2008-07-22 00:00:00,765936,RAIN,1,DLY3208,900,1,25315,1011,0.8,0,6,NA,2008-07-22 23:08:06,29
2008-07-23 00:00:00,765936,RAIN,1,DLY3208,900,1,25315,1011,1.1,0,6,NA,2008-07-23 10:08:07,22
2008-07-24 00:00:00,765936,RAIN,1,DLY3208,900,1,25315,1011,0,0,6,NA,2008-07-25 10:08:08,50
2008-07-25 00:00:00,765936,RAIN,1,DLY3208,900,1,25315,1011,0,0,6,NA,2008-07-25 10:08:08,48
2008-07-26 00:00:00,765936,RAIN,1,DLY3208,900,1,25315,1011,0,0,6,NA,2008-07-26 10:08:07,32
2008-07-27 00:00:00,765936,RAIN,1,DLY3208,900,1,25315,1011,0,0,6,NA,2008-07-27 10:08:04,11
2008-07-28 00:00:00,765936,RAIN,1,DLY3208,900,1,25315,1011,0,0,10006,NA,2008-07-28 10:08:04,28
2008-07-29 00:00:00,765936,RAIN,1,DLY3208,900,1,25315,1011,0,0,6,NA,2008-07-29 10:08:07,37
2008-07-30 00:00:00,765936,RAIN,1,DLY3208,900,1,25315,1011,0,0,6,NA,2008-07-31 08:08:06,46
2008-07-31 00:00:00,765936,RAIN,1,DLY3208,900,1,25315,1011,0,0,6,NA,2008-07-31 10:08:08,37
2008-08-01 00:00:00,765936,RAIN,1,DLY3208,900,1,25315,1011,0,0,6,NA,2008-08-01 23:08:07,42
2008-08-02 00:00:00,765936,RAIN,1,DLY3208,900,1,25315,1011,8.6,0,6,NA,2008-08-02 10:08:06,20
2008-08-03 00:00:00,765936,RAIN,1,DLY3208,900,1,25315,1011,0.3,0,6,NA,2008-08-03 11:08:03,37
2008-08-04 00:00:00,765936,RAIN,1,DLY3208,900,1,25315,1011,0,0,10006,NA,2008-08-04 11:08:14,21
2008-08-05 00:00:00,765936,RAIN,1,DLY3208,900,1,25315,1011,0.2,0,6,NA,2008-08-06 10:08:11,32
2008-08-06 00:00:00,765936,RAIN,1,DLY3208,900,1,25315,1011,0,0,6,NA,2008-08-06 10:08:11,30
2008-08-07 00:00:00,765936,RAIN,1,DLY3208,900,1,25315,1011,0,0,6,NA,2008-08-09 22:08:04,32
2008-08-08 00:00:00,765936,RAIN,1,DLY3208,900,1,25315,1011,0,0,6,NA,2008-08-09 22:08:04,31
2008-08-09 00:00:00,765936,RAIN,1,DLY3208,900,1,25315,1011,0,0,6,NA,2008-08-09 22:08:04,29
2008-08-10 00:00:00,765936,RAIN,1,DLY3208,900,1,25315,1011,6.5,0,6,NA,2008-08-10 11:08:05,21
2008-08-11 00:00:00,765936,RAIN,1,DLY3208,900,1,25315,1011,1.1,0,6,NA,2008-08-11 10:08:17,49
2008-08-12 00:00:00,765936,RAIN,1,DLY3208,900,1,25315,1011,0.3,0,6,NA,2008-08-12 10:59:37,74
2008-08-13 00:00:00,765936,RAIN,1,DLY3208,900,1,25315,1011,0,0,6,NA,2008-08-13 16:08:04,26
2008-08-14 00:00:00,765936,RAIN,1,DLY3208,900,1,25315,1011,0,0,6,NA,2008-08-14 13:08:17,221
2008-08-15 00:00:00,765936,RAIN,1,DLY3208,900,1,25315,1011,0,0,6,NA,2008-08-15 12:08:07,23
2008-08-16 00:00:00,765936,RAIN,1,DLY3208,900,1,25315,1011,0.4,0,6,NA,2008-08-16 10:08:12,48
2008-08-17 00:00:00,765936,RAIN,1,DLY3208,900,1,25315,1011,0,0,6,NA,2008-08-17 12:08:05,56
2008-08-18 00:00:00,765936,RAIN,1,DLY3208,900,1,25315,1011,0,0,6,NA,2008-08-18 10:08:13,42
2008-08-19 00:00:00,765936,RAIN,1,DLY3208,900,1,25315,1011,0,0,6,NA,2008-08-20 08:08:06,1
2008-08-20 00:00:00,765936,RAIN,1,DLY3208,900,1,25315,1011,0,0,6,NA,2008-08-20 10:08:06,29
2008-08-21 00:00:00,765936,RAIN,1,DLY3208,900,1,25315,1011,0,0,6,NA,2008-08-21 12:08:05,52
2008-08-22 00:00:00,765936,RAIN,1,DLY3208,900,1,25315,1011,0.1,0,6,NA,2008-08-22 10:08:09,43
2008-08-23 00:00:00,765936,RAIN,1,DLY3208,900,1,25315,1011,0,0,6,NA,2008-08-23 22:08:02,5
2008-08-24 00:00:00,765936,RAIN,1,DLY3208,900,1,25315,1011,5.5,0,6,NA,2008-08-24 11:08:06,43
2008-08-25 00:00:00,765936,RAIN,1,DLY3208,900,1,25315,1011,4.9,0,6,NA,2008-08-25 10:08:07,15
2008-08-26 00:00:00,765936,RAIN,1,DLY3208,900,1,25315,1011,1.4,0,6,NA,2008-08-26 10:08:14,30
2008-08-27 00:00:00,765936,RAIN,1,DLY3208,900,1,25315,1011,7.4,0,6,NA,2008-08-28 13:08:06,40
2008-08-28 00:00:00,765936,RAIN,1,DLY3208,900,1,25315,1011,8.8,0,6,NA,2008-08-28 13:08:06,38
2008-08-29 00:00:00,765936,RAIN,1,DLY3208,900,1,25315,1011,3.1,0,6,NA,2008-08-29 21:08:05,42
2008-08-30 00:00:00,765936,RAIN,1,DLY3208,900,1,25315,1011,0,0,6,NA,2008-08-31 10:08:05,19
2008-08-31 00:00:00,765936,RAIN,1,DLY3208,900,1,25315,1011,0,0,6,NA,2008-08-31 10:08:05,16
2008-09-01 00:00:00,765936,RAIN,1,DLY3208,900,1,25315,1011,4.5,0,6,NA,2008-09-01 20:08:01,11
2008-09-02 00:00:00,765936,RAIN,1,DLY3208,900,1,25315,1011,3.3,0,6,NA,2008-09-02 11:08:23,47
2008-09-03 00:00:00,765936,RAIN,1,DLY3208,900,1,25315,1011,0,0,6,NA,2008-09-04 14:08:06,16
2008-09-04 00:00:00,765936,RAIN,1,DLY3208,900,1,25315,1011,0.8,0,6,NA,2008-09-04 14:08:06,14
2008-09-05 00:00:00,765936,RAIN,1,DLY3208,900,1,25315,1011,0.3,0,6,NA,2008-09-06 10:08:08,44
2008-09-06 00:00:00,765936,RAIN,1,DLY3208,900,1,25315,1011,0,0,6,NA,2008-09-06 10:08:08,38
2008-09-07 00:00:00,765936,RAIN,1,DLY3208,900,1,25315,1011,0,0,6,NA,2008-09-07 11:08:06,12
2008-09-08 00:00:00,765936,RAIN,1,DLY3208,900,1,25315,1011,0,0,6,NA,2008-09-08 10:08:08,48
2008-09-09 00:00:00,765936,RAIN,1,DLY3208,900,1,25315,1011,0,0,6,NA,2008-09-09 11:08:04,43
2008-09-10 00:00:00,765936,RAIN,1,DLY3208,900,1,25315,1011,4.1,0,6,NA,2008-09-11 10:08:07,4
2008-09-11 00:00:00,765936,RAIN,1,DLY3208,900,1,25315,1011,3.5,0,6,NA,2008-09-11 10:08:07,2
2008-09-12 00:00:00,765936,RAIN,1,DLY3208,900,1,25315,1011,0,0,6,NA,2008-09-12 12:08:07,55
2008-09-13 00:00:00,765936,RAIN,1,DLY3208,900,1,25315,1011,0,0,6,NA,2008-09-14 11:08:02,18
2008-09-14 00:00:00,765936,RAIN,1,DLY3208,900,1,25315,1011,1.7,0,6,NA,2008-09-14 11:08:02,10
2008-09-15 00:00:00,765936,RAIN,1,DLY3208,900,1,25315,1011,0.3,0,6,NA,2008-09-15 10:08:13,43
2008-09-16 00:00:00,765936,RAIN,1,DLY3208,900,1,25315,1011,3,0,6,NA,2008-09-17 12:08:04,26
2008-09-17 00:00:00,765936,RAIN,1,DLY3208,900,1,25315,1011,0.6,0,6,NA,2008-09-17 12:08:04,24
2008-09-18 00:00:00,765936,RAIN,1,DLY3208,900,1,25315,1011,0.3,0,6,NA,2008-09-18 20:08:05,52
2008-09-19 00:00:00,765936,RAIN,1,DLY3208,900,1,25315,1011,5.5,0,6,NA,2008-09-19 11:08:05,25
2008-09-20 00:00:00,765936,RAIN,1,DLY3208,900,1,25315,1011,0,0,6,NA,2008-09-20 10:08:04,37
2008-09-21 00:00:00,765936,RAIN,1,DLY3208,900,1,25315,1011,0,0,10006,NA,2008-09-21 11:08:03,37
2008-09-22 00:00:00,765936,RAIN,1,DLY3208,900,1,25315,1011,0.3,0,6,NA,2008-09-25 08:55:28,72
2008-09-23 00:00:00,765936,RAIN,1,DLY3208,900,1,25315,1011,0.1,0,6,NA,2008-09-25 08:55:28,69
2008-09-24 00:00:00,765936,RAIN,1,DLY3208,900,1,25315,1011,0,0,6,NA,2008-09-25 08:55:28,67
2008-09-25 00:00:00,765936,RAIN,1,DLY3208,900,1,25315,1011,0,0,6,NA,2008-09-26 10:08:08,38
2008-09-26 00:00:00,765936,RAIN,1,DLY3208,900,1,25315,1011,0,0,6,NA,2008-09-26 10:08:08,36
2008-09-27 00:00:00,765936,RAIN,1,DLY3208,900,1,25315,1011,2.4,0,6,NA,2008-09-27 11:08:06,42
2008-09-28 00:00:00,765936,RAIN,1,DLY3208,900,1,25315,1011,1.1,0,6,NA,2008-09-28 11:08:04,1
2008-09-29 00:00:00,765936,RAIN,1,DLY3208,900,1,25315,1022,13.3,0,2576,NA,2009-05-14 13:28:28,0
2008-09-30 00:00:00,765936,RAIN,1,DLY3208,900,1,25315,1022,7.9,0,2576,NA,2009-05-14 13:28:28,0
2008-10-01 00:00:00,765936,RAIN,1,DLY3208,900,1,25315,1011,6,0,6,NA,2008-10-01 10:08:08,45
2008-10-02 00:00:00,765936,RAIN,1,DLY3208,900,1,25315,1011,0.8,0,6,NA,2008-10-02 20:08:04,19
2008-10-03 00:00:00,765936,RAIN,1,DLY3208,900,1,25315,1011,9.1,0,6,NA,2008-10-04 11:08:06,11
2008-10-04 00:00:00,765936,RAIN,1,DLY3208,900,1,25315,1011,7.5,0,6,NA,2008-10-04 11:08:06,10
2008-10-05 00:00:00,765936,RAIN,1,DLY3208,900,1,25315,1011,6.8,0,6,NA,2008-10-05 21:08:06,16
2008-10-06 00:00:00,765936,RAIN,1,DLY3208,900,1,25315,1011,1.3,0,6,NA,2008-10-06 18:08:05,44
2008-10-07 00:00:00,765936,RAIN,1,DLY3208,900,1,25315,1011,6.6,0,6,NA,2008-10-07 10:08:10,39
2008-10-08 00:00:00,765936,RAIN,1,DLY3208,900,1,25315,1011,7.6,0,6,NA,2008-10-08 10:08:07,41
2008-10-09 00:00:00,765936,RAIN,1,DLY3208,900,1,25315,1011,0.1,0,6,NA,2008-10-09 17:08:02,22
2008-10-10 00:00:00,765936,RAIN,1,DLY3208,900,1,25315,1011,2.1,0,6,NA,2008-10-11 10:08:05,20
2008-10-11 00:00:00,765936,RAIN,1,DLY3208,900,1,25315,1011,6.2,0,6,NA,2008-10-11 10:08:05,22
2008-10-12 00:00:00,765936,RAIN,1,DLY3208,900,1,25315,1011,1.3,0,6,NA,2008-10-12 13:08:06,37
2008-10-13 00:00:00,765936,RAIN,1,DLY3208,900,1,25315,1011,3.7,0,6,NA,2008-10-13 10:08:07,22
2008-10-14 00:00:00,765936,RAIN,1,DLY3208,900,1,25315,1011,2.9,0,6,NA,2008-10-14 12:08:09,24
2008-10-15 00:00:00,765936,RAIN,1,DLY3208,900,1,25315,1011,2.8,0,6,NA,2008-10-15 20:08:07,55
2008-10-16 00:00:00,765936,RAIN,1,DLY3208,900,1,25315,1011,5.3,0,6,NA,2008-10-16 10:08:07,27
2008-10-17 00:00:00,765936,RAIN,1,DLY3208,900,1,25315,1011,0.2,0,6,NA,2008-10-17 10:08:10,35
2008-10-18 00:00:00,765936,RAIN,1,DLY3208,900,1,25315,1011,11.8,0,6,NA,2008-10-18 10:11:07,40
2008-10-19 00:00:00,765936,RAIN,1,DLY3208,900,1,25315,1011,2.6,0,6,NA,2008-10-19 14:11:04,0
2008-10-20 00:00:00,765936,RAIN,1,DLY3208,900,1,25315,1011,12.4,0,6,NA,2008-10-21 08:08:08,52
2008-10-21 00:00:00,765936,RAIN,1,DLY3208,900,1,25315,1011,6.7,0,6,NA,2008-10-22 08:08:02,29
2008-10-22 00:00:00,765936,RAIN,1,DLY3208,900,1,25315,1011,5.1,0,6,NA,2008-10-22 10:08:13,13
2008-10-23 00:00:00,765936,RAIN,1,DLY3208,900,1,25315,1011,2.8,0,6,NA,2008-10-24 12:08:07,59
2008-10-24 00:00:00,765936,RAIN,1,DLY3208,900,1,25315,1011,4.9,0,6,NA,2008-10-24 12:08:07,57
2008-10-25 00:00:00,765936,RAIN,1,DLY3208,900,1,25315,1011,19.3,0,6,NA,2008-10-25 11:08:07,38
2008-10-26 00:00:00,765936,RAIN,1,DLY3208,900,1,25315,1011,4.8,0,6,NA,2008-10-26 12:08:04,41
2008-10-27 00:00:00,765936,RAIN,1,DLY3208,900,1,25315,1011,4.4,0,6,NA,2008-10-27 10:08:10,28
2008-10-28 00:00:00,765936,RAIN,1,DLY3208,900,1,25315,1011,4,0,6,NA,2008-10-28 14:08:15,38
2008-10-29 00:00:00,765936,RAIN,1,DLY3208,900,1,25315,1011,6.8,0,6,NA,2008-10-29 10:08:10,48
2008-10-30 00:00:00,765936,RAIN,1,DLY3208,900,1,25315,1011,0.8,0,6,NA,2008-10-31 00:08:02,48
2008-10-31 00:00:00,765936,RAIN,1,DLY3208,900,1,25315,1011,2.9,0,6,NA,2008-10-31 10:08:21,25
2008-11-01 00:00:00,765936,RAIN,1,DLY3208,900,1,25315,1011,0.6,0,6,NA,2008-11-01 12:08:08,41
2008-11-02 00:00:00,765936,RAIN,1,DLY3208,900,1,25315,1011,3.4,0,6,NA,2008-11-02 12:08:02,27
2008-11-03 00:00:00,765936,RAIN,1,DLY3208,900,1,25315,1011,1.3,0,6,NA,2008-11-03 12:08:24,37
2008-11-04 00:00:00,765936,RAIN,1,DLY3208,900,1,25315,1011,1.5,0,6,NA,2008-11-06 11:08:10,42
2008-11-05 00:00:00,765936,RAIN,1,DLY3208,900,1,25315,1011,0,0,6,NA,2008-11-06 11:08:10,40
2008-11-06 00:00:00,765936,RAIN,1,DLY3208,900,1,25315,1011,0.1,0,6,NA,2008-11-06 11:08:10,38
2008-11-07 00:00:00,765936,RAIN,1,DLY3208,900,1,25315,1011,4.3,0,6,NA,2008-11-07 14:08:08,60
2008-11-08 00:00:00,765936,RAIN,1,DLY3208,900,1,25315,1011,0.1,0,6,NA,2008-11-08 12:08:06,41
2008-11-09 00:00:00,765936,RAIN,1,DLY3208,900,1,25315,1011,1.4,0,6,NA,2008-11-09 21:08:03,22
2008-11-10 00:00:00,765936,RAIN,1,DLY3208,900,1,25315,1011,3.5,0,6,NA,2008-11-10 10:08:22,4
2008-11-11 00:00:00,765936,RAIN,1,DLY3208,900,1,25315,1011,2.9,0,6,NA,2008-11-12 10:08:13,18
2008-11-12 00:00:00,765936,RAIN,1,DLY3208,900,1,25315,1011,5.5,0,6,NA,2008-11-12 10:08:13,15
2008-11-13 00:00:00,765936,RAIN,1,DLY3208,900,1,25315,1011,3.3,0,6,NA,2008-11-13 12:08:15,58
2008-11-14 00:00:00,765936,RAIN,1,DLY3208,900,1,25315,1011,6.3,0,6,NA,2008-11-14 10:08:13,33
2008-11-15 00:00:00,765936,RAIN,1,DLY3208,900,1,25315,1011,13.4,0,6,NA,2008-11-15 10:08:10,15
2008-11-16 00:00:00,765936,RAIN,1,DLY3208,900,1,25315,1011,1.5,0,6,NA,2008-11-16 13:08:02,27
2008-11-17 00:00:00,765936,RAIN,1,DLY3208,900,1,25315,1011,0.7,0,6,NA,2008-11-17 10:08:12,21
2008-11-18 00:00:00,765936,RAIN,1,DLY3208,900,1,25315,1011,2.8,0,6,NA,2008-11-18 10:08:15,29
2008-11-19 00:00:00,765936,RAIN,1,DLY3208,900,1,25315,1011,1.3,0,6,NA,2008-11-19 10:08:11,23
2008-11-20 00:00:00,765936,RAIN,1,DLY3208,900,1,25315,1011,2.2,0,6,NA,2008-11-21 13:08:07,53
2008-11-21 00:00:00,765936,RAIN,1,DLY3208,900,1,25315,1011,7.6,0,6,NA,2008-11-21 13:08:07,51
2008-11-22 00:00:00,765936,RAIN,1,DLY3208,900,1,25315,1011,1.8,0,6,NA,2008-11-22 11:08:05,19
2008-11-23 00:00:00,765936,RAIN,1,DLY3208,900,1,25315,1011,7.2,0,6,NA,2008-11-23 12:08:04,42
2008-11-24 00:00:00,765936,RAIN,1,DLY3208,900,1,25315,1011,1.8,0,6,NA,2008-11-24 18:08:04,22
2008-11-25 00:00:00,765936,RAIN,1,DLY3208,900,1,25315,1011,1,0,6,NA,2008-11-26 10:08:13,7
2008-11-26 00:00:00,765936,RAIN,1,DLY3208,900,1,25315,1011,2.2,0,6,NA,2008-11-26 10:08:13,5
2008-11-27 00:00:00,765936,RAIN,1,DLY3208,900,1,25315,1011,7.8,0,6,NA,2008-11-27 11:08:06,40
2008-11-28 00:00:00,765936,RAIN,1,DLY3208,900,1,25315,1011,9.7,0,6,NA,2008-11-28 10:08:10,18
2008-11-29 00:00:00,765936,RAIN,1,DLY3208,900,1,25315,1011,0,0,6,NA,2008-11-30 12:08:04,44
2008-11-30 00:00:00,765936,RAIN,1,DLY3208,900,1,25315,1011,1.5,0,6,NA,2008-11-30 12:08:04,42
2008-12-01 00:00:00,765936,RAIN,1,DLY3208,900,1,25315,1011,7.4,0,6,NA,2008-12-01 10:08:14,4
2008-12-02 00:00:00,765936,RAIN,1,DLY3208,900,1,25315,1011,0.5,0,6,NA,2009-07-21 17:38:00,0
2008-12-03 00:00:00,765936,RAIN,1,DLY3208,900,1,25315,1011,3.7,0,6,NA,2009-07-21 17:38:00,0
2008-12-04 00:00:00,765936,RAIN,1,DLY3208,900,1,25315,1011,3.8,0,6,NA,2009-07-21 17:38:00,0
2008-12-05 00:00:00,765936,RAIN,1,DLY3208,900,1,25315,1011,4,0,6,NA,2009-07-21 17:38:00,0
2008-12-06 00:00:00,765936,RAIN,1,DLY3208,900,1,25315,1011,0,0,6,NA,2009-07-21 17:38:00,0
2008-12-07 00:00:00,765936,RAIN,1,DLY3208,900,1,25315,1011,0.8,0,6,NA,2009-07-21 17:38:00,0
2008-12-08 00:00:00,765936,RAIN,1,DLY3208,900,1,25315,1011,9.1,0,6,NA,2009-07-21 17:38:00,0
2008-12-09 00:00:00,765936,RAIN,1,DLY3208,900,1,25315,1011,2.5,0,6,NA,2009-07-21 17:38:00,0
2008-12-10 00:00:00,765936,RAIN,1,DLY3208,900,1,25315,1011,1,0,6,NA,2009-07-21 17:38:00,0
2008-12-11 00:00:00,765936,RAIN,1,DLY3208,900,1,25315,1011,1.2,0,6,NA,2009-07-21 17:38:00,0
2008-12-12 00:00:00,765936,RAIN,1,DLY3208,900,1,25315,1011,0.5,0,6,NA,2009-07-21 17:38:00,0
2008-12-13 00:00:00,765936,RAIN,1,DLY3208,900,1,25315,1011,17,0,6,NA,2009-07-21 17:38:00,0
2008-12-14 00:00:00,765936,RAIN,1,DLY3208,900,1,25315,1011,22.3,0,6,NA,2009-07-21 17:38:00,0
2008-12-15 00:00:00,765936,RAIN,1,DLY3208,900,1,25315,1011,1.5,0,6,NA,2009-07-21 17:38:00,0
2008-12-16 00:00:00,765936,RAIN,1,DLY3208,900,1,25315,1011,7.4,0,6,NA,2009-07-21 17:41:00,0
2008-12-17 00:00:00,765936,RAIN,1,DLY3208,900,1,25315,1011,10.4,0,6,NA,2009-07-21 17:38:00,0
2008-12-18 00:00:00,765936,RAIN,1,DLY3208,900,1,25315,1011,4.7,0,6,NA,2009-07-21 17:38:00,0
2008-12-19 00:00:00,765936,RAIN,1,DLY3208,900,1,25315,1011,10.1,0,6,NA,2009-07-21 17:38:00,0
2008-12-20 00:00:00,765936,RAIN,1,DLY3208,900,1,25315,1011,10.5,0,6,NA,2009-07-21 17:38:00,0
2008-12-21 00:00:00,765936,RAIN,1,DLY3208,900,1,25315,1011,6.5,0,6,NA,2009-07-21 17:38:00,0
2008-12-22 00:00:00,765936,RAIN,1,DLY3208,900,1,25315,1011,7.9,0,6,NA,2009-07-21 17:38:00,0
2008-12-23 00:00:00,765936,RAIN,1,DLY3208,900,1,25315,1011,4.8,0,6,NA,2009-07-21 17:38:00,0
2008-12-24 00:00:00,765936,RAIN,1,DLY3208,900,1,25315,1011,0.8,0,6,NA,2009-07-21 17:38:00,0
2008-12-25 00:00:00,765936,RAIN,1,DLY3208,900,1,25315,1011,0,0,6,NA,2009-07-21 17:38:00,0
2008-12-26 00:00:00,765936,RAIN,1,DLY3208,900,1,25315,1011,0,0,6,NA,2009-07-21 17:38:00,0
2008-12-27 00:00:00,765936,RAIN,1,DLY3208,900,1,25315,1014,0,0,1306,NA,2009-07-21 17:38:00,0
2008-12-28 00:00:00,765936,RAIN,1,DLY3208,900,1,25315,1022,0.4,0,1306,NA,2009-10-16 10:53:37,0
2008-12-29 00:00:00,765936,RAIN,1,DLY3208,900,1,25315,1011,1.2,0,6,NA,2009-07-21 17:38:00,0
2008-12-30 00:00:00,765936,RAIN,1,DLY3208,900,1,25315,1011,0,0,6,NA,2009-07-21 17:38:00,0
2008-12-31 00:00:00,765936,RAIN,1,DLY3208,900,1,25315,1011,0,0,6,NA,2009-07-21 17:38:00,0
end data
