Conventions,G,BADC-CSV,1
title,G,uk-daily-rain-obs
source,G,Met Office MIDAS database
creator,G,Met Office
activity,G,Met Office MIDAS Open: UK Land Surface Stations Data
feature_type,G,point series
collection_name,G,midas-open
collection_version_number,G,dataset-version-202107
history,G,Created 2021-07-15
last_revised_date,G,2021-07-15
observation_station,G,orkney-loch-of-hundland
historic_county_name,G,orkney
midas_station_id,G,25315
location,G,59.112,-3.229
height,G,28,m
date_valid,G,2013-01-01 00:00:00,2013-12-31 23:59:59
midas_qc_version_number,G,1
comments,G,The midas_qc_version_number indicates if the data are original received message (0) or current best version (1)
comments,G,This file contains station observations
comments,G,missing values are identified with the missing data flag
missing_value,G,NA
coordinate_variable,ob_date,t
long_name,ob_date,Date of observation,s
type,ob_date,char
comments,ob_date,Date and time (YYYY-MM-DD HH:MM:SS) of the observation
long_name,id,station identifier,1
type,id,char
comments,id,a station may have more than one id assigned to it designated by the id_type
long_name,id_type,identifier type,1
type,id_type,char
comments,id_type,a station may have more than one id assigned to it defined by id_type
long_name,version_num,midas qc version number,1
type,version_num,int
comments,version_num,The midas_qc_version_number indicates if the data are original received message (0) or current best version (1)
long_name,met_domain_name,message type,1
type,met_domain_name,char
comments,met_domain_name,message type (see MIDAS documentation)
long_name,ob_day_cnt,Observation day count,day
type,ob_day_cnt,int
long_name,ob_end_ctime,clock time at end of observation as HHMM,s
type,ob_end_ctime,char
long_name,src_id,unique source identifier or station site number,1
type,src_id,int
comments,src_id,unique source identifier or station site number
long_name,rec_st_ind,state indicator for the record,1
type,rec_st_ind,int
comments,rec_st_ind,state indicator for the current stage in the life of the record (see MIDAS documentation)
long_name,prcp_amt,Precipitation amount,mm
type,prcp_amt,float
long_name,ob_day_cnt_q,QC code: observation day count,1
type,ob_day_cnt_q,int
long_name,prcp_amt_q,QC code: precipitation amount,1
type,prcp_amt_q,int
long_name,prcp_amt_j,Descriptor: precipitation amount,1
type,prcp_amt_j,int
long_name,meto_stmp_time,Met Office receipt stamp time,s
type,meto_stmp_time,char
comments,meto_stmp_time,Met Office receipt stampe time in format (YYYY-MM-DD HH:MM:SS)
long_name,midas_stmp_etime,Elapsed time to storage in MIDAS ,minutes
type,midas_stmp_etime,int
data
ob_date,id,id_type,version_num,met_domain_name,ob_end_ctime,ob_day_cnt,src_id,rec_st_ind,prcp_amt,ob_day_cnt_q,prcp_amt_q,prcp_amt_j,meto_stmp_time,midas_stmp_etime
2013-01-01 00:00:00,765936,RAIN,1,DLY3208,900,1,25315,1011,7.8,0,6,NA,2013-01-01 09:27:10,0
2013-01-02 00:00:00,765936,RAIN,1,DLY3208,900,1,25315,1011,0.9,0,6,NA,2013-01-02 09:50:27,0
2013-01-03 00:00:00,765936,RAIN,1,DLY3208,900,1,25315,1011,3.6,0,6,NA,2013-01-03 09:30:38,0
2013-01-04 00:00:00,765936,RAIN,1,DLY3208,900,1,25315,1011,6.3,0,6,NA,2013-01-04 09:40:52,0
2013-01-05 00:00:00,765936,RAIN,1,DLY3208,900,1,25315,1011,0,0,6,NA,2013-01-05 09:38:33,0
2013-01-06 00:00:00,765936,RAIN,1,DLY3208,900,1,25315,1011,5.9,0,6,NA,2013-01-06 09:15:30,0
2013-01-07 00:00:00,765936,RAIN,1,DLY3208,900,1,25315,1011,1.1,0,6,NA,2013-01-07 09:35:56,0
2013-01-08 00:00:00,765936,RAIN,1,DLY3208,900,1,25315,1011,0,0,10006,NA,2013-01-08 09:26:11,0
2013-01-09 00:00:00,765936,RAIN,1,DLY3208,900,1,25315,1011,5.6,0,6,NA,2013-01-09 09:34:06,0
2013-01-10 00:00:00,765936,RAIN,1,DLY3208,900,1,25315,1011,0.1,0,6,NA,2013-01-10 09:27:11,0
2013-01-11 00:00:00,765936,RAIN,1,DLY3208,900,1,25315,1011,2,0,6,NA,2013-01-11 09:38:47,0
2013-01-12 00:00:00,765936,RAIN,1,DLY3208,900,1,25315,1011,0.9,0,6,NA,2013-01-12 09:45:31,0
2013-01-13 00:00:00,765936,RAIN,1,DLY3208,900,1,25315,1011,3.4,0,6,NA,2013-01-13 09:17:05,0
2013-01-14 00:00:00,765936,RAIN,1,DLY3208,900,1,25315,1011,12.3,0,6,NA,2013-01-14 10:13:45,0
2013-01-15 00:00:00,765936,RAIN,1,DLY3208,900,1,25315,1011,5.9,0,6,NA,2013-01-15 09:32:16,0
2013-01-16 00:00:00,765936,RAIN,1,DLY3208,900,1,25315,1011,0,0,6,NA,2013-01-16 09:24:18,0
2013-01-17 00:00:00,765936,RAIN,1,DLY3208,900,1,25315,1011,0,0,6,NA,2013-01-17 09:35:03,0
2013-01-18 00:00:00,765936,RAIN,1,DLY3208,900,1,25315,1011,0,0,6,NA,2013-01-18 09:28:26,0
2013-01-19 00:00:00,765936,RAIN,1,DLY3208,900,1,25315,1011,2.8,0,6,NA,2013-01-19 09:40:54,0
2013-01-20 00:00:00,765936,RAIN,1,DLY3208,900,1,25315,1011,0.1,0,6,NA,2013-01-20 09:20:51,0
2013-01-21 00:00:00,765936,RAIN,1,DLY3208,900,1,25315,1011,0.2,0,6,NA,2013-01-21 09:21:38,0
2013-01-22 00:00:00,765936,RAIN,1,DLY3208,900,1,25315,1011,6.9,0,6,NA,2013-01-22 09:36:52,0
2013-01-23 00:00:00,765936,RAIN,1,DLY3208,900,1,25315,1011,2.8,0,6,NA,2013-01-23 09:42:35,0
2013-01-24 00:00:00,765936,RAIN,1,DLY3208,900,1,25315,1011,0.1,0,6,NA,2013-01-24 09:26:07,0
2013-01-25 00:00:00,765936,RAIN,1,DLY3208,900,1,25315,1011,4.2,0,6,NA,2013-01-25 09:25:19,0
2013-01-26 00:00:00,765936,RAIN,1,DLY3208,900,1,25315,1011,1.3,0,6,NA,2013-01-26 09:50:21,0
2013-01-27 00:00:00,765936,RAIN,1,DLY3208,900,1,25315,1011,15.7,0,6,NA,2013-01-27 09:29:03,0
2013-01-28 00:00:00,765936,RAIN,1,DLY3208,900,1,25315,1011,2.2,0,6,NA,2013-01-28 09:15:59,0
2013-01-29 00:00:00,765936,RAIN,1,DLY3208,900,1,25315,1011,2.5,0,6,NA,2013-01-29 09:20:15,0
2013-01-30 00:00:00,765936,RAIN,1,DLY3208,900,1,25315,1011,10.8,0,6,NA,2013-01-30 09:48:44,0
2013-01-31 00:00:00,765936,RAIN,1,DLY3208,900,1,25315,1011,12.6,0,6,NA,2013-01-31 09:28:11,0
2013-02-01 00:00:00,765936,RAIN,1,DLY3208,900,1,25315,1011,0.7,0,6,NA,2013-02-01 09:24:44,0
2013-02-02 00:00:00,765936,RAIN,1,DLY3208,900,1,25315,1011,0.4,0,6,NA,2013-02-02 09:37:17,0
2013-02-03 00:00:00,765936,RAIN,1,DLY3208,900,1,25315,1011,9.8,0,6,NA,2013-02-03 09:23:54,0
2013-02-04 00:00:00,765936,RAIN,1,DLY3208,900,1,25315,1011,7.6,0,6,NA,2013-02-04 17:16:58,0
2013-02-05 00:00:00,765936,RAIN,1,DLY3208,900,1,25315,1011,11.7,0,6,NA,2013-02-05 10:18:12,0
2013-02-06 00:00:00,765936,RAIN,1,DLY3208,900,1,25315,1011,1.3,0,6,NA,2013-02-06 10:24:17,0
2013-02-07 00:00:00,765936,RAIN,1,DLY3208,900,1,25315,1011,2.1,0,6,NA,2013-02-07 10:54:41,0
2013-02-08 00:00:00,765936,RAIN,1,DLY3208,900,1,25315,1011,1.3,0,6,NA,2013-02-08 09:28:39,0
2013-02-09 00:00:00,765936,RAIN,1,DLY3208,900,1,25315,1011,0,0,6,NA,2013-02-09 09:34:53,0
2013-02-10 00:00:00,765936,RAIN,1,DLY3208,900,1,25315,1011,0.9,0,6,NA,2013-02-10 09:36:03,0
2013-02-11 00:00:00,765936,RAIN,1,DLY3208,900,1,25315,1011,0.4,0,6,NA,2013-02-11 09:23:22,0
2013-02-12 00:00:00,765936,RAIN,1,DLY3208,900,1,25315,1011,0.9,0,6,NA,2013-02-12 09:23:50,0
2013-02-13 00:00:00,765936,RAIN,1,DLY3208,900,1,25315,1011,1,0,6,NA,2013-02-13 09:38:14,0
2013-02-14 00:00:00,765936,RAIN,1,DLY3208,900,1,25315,1011,10.9,0,6,NA,2013-02-14 09:20:56,0
2013-02-15 00:00:00,765936,RAIN,1,DLY3208,900,1,25315,1011,2.8,0,6,NA,2013-02-15 09:54:27,0
2013-02-16 00:00:00,765936,RAIN,1,DLY3208,900,1,25315,1011,0,0,10006,NA,2013-02-16 09:36:06,0
2013-02-17 00:00:00,765936,RAIN,1,DLY3208,900,1,25315,1011,0,0,6,NA,2013-02-17 09:18:27,0
2013-02-18 00:00:00,765936,RAIN,1,DLY3208,900,1,25315,1011,0,0,6,NA,2013-02-18 09:28:24,0
2013-02-19 00:00:00,765936,RAIN,1,DLY3208,900,1,25315,1011,0,0,6,NA,2013-02-19 09:19:22,0
2013-02-20 00:00:00,765936,RAIN,1,DLY3208,900,1,25315,1011,0.5,0,6,NA,2013-02-20 09:29:49,0
2013-02-21 00:00:00,765936,RAIN,1,DLY3208,900,1,25315,1011,0,0,6,NA,2013-02-21 09:35:09,0
2013-02-22 00:00:00,765936,RAIN,1,DLY3208,900,1,25315,1011,0,0,6,NA,2013-02-22 09:31:45,0
2013-02-23 00:00:00,765936,RAIN,1,DLY3208,900,1,25315,1011,0,0,10006,NA,2013-02-23 09:39:50,0
2013-02-24 00:00:00,765936,RAIN,1,DLY3208,900,1,25315,1011,0,0,6,NA,2013-02-24 10:32:35,0
2013-02-25 00:00:00,765936,RAIN,1,DLY3208,900,1,25315,1011,0,0,6,NA,2013-02-25 09:24:04,0
2013-02-26 00:00:00,765936,RAIN,1,DLY3208,900,1,25315,1011,0,0,6,NA,2013-02-26 09:15:27,0
2013-02-27 00:00:00,765936,RAIN,1,DLY3208,900,1,25315,1011,0,0,6,NA,2013-02-27 12:23:03,0
2013-02-28 00:00:00,765936,RAIN,1,DLY3208,900,1,25315,1011,0.2,0,6,NA,2013-02-28 19:56:39,0
2013-03-01 00:00:00,765936,RAIN,1,DLY3208,900,1,25315,1011,0,0,6,NA,2013-03-01 20:24:07,0
2013-03-02 00:00:00,765936,RAIN,1,DLY3208,900,1,25315,1011,0.6,0,6,NA,2013-03-02 09:31:13,0
2013-03-03 00:00:00,765936,RAIN,1,DLY3208,900,1,25315,1011,0,0,6,NA,2013-03-03 09:16:50,0
2013-03-04 00:00:00,765936,RAIN,1,DLY3208,900,1,25315,1011,1,0,6,NA,2013-03-04 12:33:04,0
2013-03-05 00:00:00,765936,RAIN,1,DLY3208,900,1,25315,1011,0.1,0,6,NA,2013-03-05 09:35:08,0
2013-03-06 00:00:00,765936,RAIN,1,DLY3208,900,1,25315,1011,0.2,0,6,NA,2013-03-06 09:28:12,0
2013-03-07 00:00:00,765936,RAIN,1,DLY3208,900,1,25315,1011,0,0,6,NA,2013-03-07 09:16:18,0
2013-03-08 00:00:00,765936,RAIN,1,DLY3208,900,1,25315,1011,8.4,0,6,NA,2013-03-08 09:21:41,0
2013-03-09 00:00:00,765936,RAIN,1,DLY3208,900,1,25315,1011,0,0,6,NA,2013-03-09 09:48:57,0
2013-03-10 00:00:00,765936,RAIN,1,DLY3208,900,1,25315,1011,0.1,0,6,NA,2013-03-10 10:07:34,0
2013-03-11 00:00:00,765936,RAIN,1,DLY3208,900,1,25315,1011,0,0,6,NA,2013-03-11 09:15:56,0
2013-03-12 00:00:00,765936,RAIN,1,DLY3208,900,1,25315,1011,1,0,6,NA,2013-03-12 09:40:43,0
2013-03-13 00:00:00,765936,RAIN,1,DLY3208,900,1,25315,1011,1.4,0,6,NA,2013-03-13 09:39:11,0
2013-03-14 00:00:00,765936,RAIN,1,DLY3208,900,1,25315,1011,0.1,0,6,NA,2013-03-14 09:42:25,0
2013-03-15 00:00:00,765936,RAIN,1,DLY3208,900,1,25315,1011,8.7,0,6,NA,2013-03-15 09:17:00,0
2013-03-16 00:00:00,765936,RAIN,1,DLY3208,900,1,25315,1011,0.7,0,6,NA,2013-03-16 09:44:12,0
2013-03-17 00:00:00,765936,RAIN,1,DLY3208,900,1,25315,1011,9.1,0,6,NA,2013-03-17 09:23:42,0
2013-03-18 00:00:00,765936,RAIN,1,DLY3208,900,1,25315,1011,6.2,0,6,NA,2013-03-18 09:16:12,0
2013-03-19 00:00:00,765936,RAIN,1,DLY3208,900,1,25315,1011,0.1,0,6,NA,2013-03-19 09:27:58,0
2013-03-20 00:00:00,765936,RAIN,1,DLY3208,900,1,25315,1011,0.3,0,6,NA,2013-03-20 09:24:03,0
2013-03-21 00:00:00,765936,RAIN,1,DLY3208,900,1,25315,1011,0.3,0,6,NA,2013-03-22 20:24:24,0
2013-03-22 00:00:00,765936,RAIN,1,DLY3208,900,1,25315,1011,0.6,0,6,NA,2013-03-22 20:28:04,0
2013-03-23 00:00:00,765936,RAIN,1,DLY3208,900,1,25315,1011,0.1,0,6,NA,2013-03-23 09:20:01,0
2013-03-24 00:00:00,765936,RAIN,1,DLY3208,900,1,25315,1011,0.1,0,6,NA,2013-03-24 09:30:15,0
2013-03-25 00:00:00,765936,RAIN,1,DLY3208,900,1,25315,1011,0.8,0,6,NA,2013-03-25 09:32:25,0
2013-03-26 00:00:00,765936,RAIN,1,DLY3208,900,1,25315,1011,0,0,6,NA,2013-03-26 09:24:46,0
2013-03-27 00:00:00,765936,RAIN,1,DLY3208,900,1,25315,1011,0,0,6,NA,2013-03-27 11:02:23,0
2013-03-28 00:00:00,765936,RAIN,1,DLY3208,900,1,25315,1011,0.6,0,6,NA,2013-03-28 12:57:09,0
2013-03-29 00:00:00,765936,RAIN,1,DLY3208,900,1,25315,1011,1.4,0,6,NA,2013-03-29 09:38:04,0
2013-03-30 00:00:00,765936,RAIN,1,DLY3208,900,1,25315,1011,0,0,6,NA,2013-03-30 09:51:17,0
2013-03-31 00:00:00,765936,RAIN,1,DLY3208,900,1,25315,1014,0,NA,1306,NA,2013-07-25 16:05:19,0
2013-04-01 00:00:00,765936,RAIN,1,DLY3208,900,1,25315,1022,0,0,1306,NA,2013-07-25 16:05:19,0
2013-04-02 00:00:00,765936,RAIN,1,DLY3208,900,1,25315,1011,0,0,6,NA,2013-04-04 07:12:21,0
2013-04-03 00:00:00,765936,RAIN,1,DLY3208,900,1,25315,1011,0,0,6,NA,2013-04-04 07:17:27,0
2013-04-04 00:00:00,765936,RAIN,1,DLY3208,900,1,25315,1011,0,0,6,NA,2013-04-04 09:16:41,0
2013-04-05 00:00:00,765936,RAIN,1,DLY3208,900,1,25315,1011,0,0,6,NA,2013-04-05 09:15:08,0
2013-04-06 00:00:00,765936,RAIN,1,DLY3208,900,1,25315,1011,0.4,0,6,NA,2013-04-06 09:24:19,0
2013-04-07 00:00:00,765936,RAIN,1,DLY3208,900,1,25315,1011,0.9,0,6,NA,2013-04-07 10:06:59,0
2013-04-08 00:00:00,765936,RAIN,1,DLY3208,900,1,25315,1011,0.2,0,6,NA,2013-04-08 09:22:20,0
2013-04-09 00:00:00,765936,RAIN,1,DLY3208,900,1,25315,1011,0.3,0,6,NA,2013-04-09 22:02:42,0
2013-04-10 00:00:00,765936,RAIN,1,DLY3208,900,1,25315,1011,3.5,0,6,NA,2013-04-10 09:41:52,0
2013-04-11 00:00:00,765936,RAIN,1,DLY3208,900,1,25315,1011,2.9,0,6,NA,2013-04-11 09:13:02,0
2013-04-12 00:00:00,765936,RAIN,1,DLY3208,900,1,25315,1011,0.1,0,6,NA,2013-04-12 09:12:32,0
2013-04-13 00:00:00,765936,RAIN,1,DLY3208,900,1,25315,1011,0,0,6,NA,2013-04-13 09:30:36,0
2013-04-14 00:00:00,765936,RAIN,1,DLY3208,900,1,25315,1011,13.3,0,6,NA,2013-04-14 09:15:08,0
2013-04-15 00:00:00,765936,RAIN,1,DLY3208,900,1,25315,1011,2,0,6,NA,2013-04-15 09:16:23,0
2013-04-16 00:00:00,765936,RAIN,1,DLY3208,900,1,25315,1011,0.9,0,6,NA,2013-04-16 09:27:45,0
2013-04-17 00:00:00,765936,RAIN,1,DLY3208,900,1,25315,1011,2.2,0,6,NA,2013-04-17 09:17:41,0
2013-04-18 00:00:00,765936,RAIN,1,DLY3208,900,1,25315,1011,20.6,0,6,NA,2013-04-18 09:19:38,0
2013-04-19 00:00:00,765936,RAIN,1,DLY3208,900,1,25315,1011,1.3,0,6,NA,2013-04-19 09:12:59,0
2013-04-20 00:00:00,765936,RAIN,1,DLY3208,900,1,25315,1011,0.4,0,6,NA,2013-04-20 09:25:25,0
2013-04-21 00:00:00,765936,RAIN,1,DLY3208,900,1,25315,1011,1.5,0,6,NA,2013-04-21 10:04:43,0
2013-04-22 00:00:00,765936,RAIN,1,DLY3208,900,1,25315,1011,0.6,0,6,NA,2013-04-22 09:13:22,0
2013-04-23 00:00:00,765936,RAIN,1,DLY3208,900,1,25315,1011,6.3,0,6,NA,2013-04-23 09:17:23,0
2013-04-24 00:00:00,765936,RAIN,1,DLY3208,900,1,25315,1011,3,0,6,NA,2013-04-24 09:20:42,0
2013-04-25 00:00:00,765936,RAIN,1,DLY3208,900,1,25315,1011,0.2,0,6,NA,2013-04-25 09:09:16,0
2013-04-26 00:00:00,765936,RAIN,1,DLY3208,900,1,25315,1011,0.5,0,6,NA,2013-04-26 12:34:37,0
2013-04-27 00:00:00,765936,RAIN,1,DLY3208,900,1,25315,1011,1.5,0,6,NA,2013-04-27 09:20:41,0
2013-04-28 00:00:00,765936,RAIN,1,DLY3208,900,1,25315,1011,4.1,0,6,NA,2013-04-28 10:25:41,0
2013-04-29 00:00:00,765936,RAIN,1,DLY3208,900,1,25315,1011,5.5,0,6,NA,2013-04-29 09:24:48,0
2013-04-30 00:00:00,765936,RAIN,1,DLY3208,900,1,25315,1011,2,0,6,NA,2013-04-30 09:20:38,0
2013-05-01 00:00:00,765936,RAIN,1,DLY3208,900,1,25315,1011,3.8,0,6,NA,2013-05-01 09:20:01,0
2013-05-02 00:00:00,765936,RAIN,1,DLY3208,900,1,25315,1011,0,0,6,NA,2013-05-02 19:02:17,0
2013-05-03 00:00:00,765936,RAIN,1,DLY3208,900,1,25315,1011,10.3,0,6,NA,2013-05-03 10:35:58,0
2013-05-04 00:00:00,765936,RAIN,1,DLY3208,900,1,25315,1011,0.6,0,6,NA,2013-05-04 09:19:47,0
2013-05-05 00:00:00,765936,RAIN,1,DLY3208,900,1,25315,1011,1.5,0,6,NA,2013-05-05 10:19:43,0
2013-05-06 00:00:00,765936,RAIN,1,DLY3208,900,1,25315,1011,0.2,0,6,NA,2013-05-06 09:14:33,0
2013-05-07 00:00:00,765936,RAIN,1,DLY3208,900,1,25315,1011,0.4,0,6,NA,2013-05-07 09:34:50,0
2013-05-08 00:00:00,765936,RAIN,1,DLY3208,900,1,25315,1011,0,0,6,NA,2013-05-08 09:22:35,0
2013-05-09 00:00:00,765936,RAIN,1,DLY3208,900,1,25315,1011,1.8,0,6,NA,2013-05-09 09:11:08,0
2013-05-10 00:00:00,765936,RAIN,1,DLY3208,900,1,25315,1011,0.5,0,6,NA,2013-05-10 18:20:53,0
2013-05-11 00:00:00,765936,RAIN,1,DLY3208,900,1,25315,1011,1.2,0,6,NA,2013-05-11 09:10:49,0
2013-05-12 00:00:00,765936,RAIN,1,DLY3208,900,1,25315,1011,0.4,0,6,NA,2013-05-12 09:26:50,0
2013-05-13 00:00:00,765936,RAIN,1,DLY3208,900,1,25315,1011,2.6,0,6,NA,2013-05-13 09:14:15,0
2013-05-14 00:00:00,765936,RAIN,1,DLY3208,900,1,25315,1011,16.5,0,6,NA,2013-05-14 16:49:57,0
2013-05-15 00:00:00,765936,RAIN,1,DLY3208,900,1,25315,1011,3.4,0,6,NA,2013-05-15 09:15:38,0
2013-05-16 00:00:00,765936,RAIN,1,DLY3208,900,1,25315,1011,5.9,0,6,NA,2013-05-16 09:16:58,0
2013-05-17 00:00:00,765936,RAIN,1,DLY3208,900,1,25315,1011,0,0,6,NA,2013-05-17 09:28:06,0
2013-05-18 00:00:00,765936,RAIN,1,DLY3208,900,1,25315,1011,1.2,0,6,NA,2013-05-18 09:16:43,0
2013-05-19 00:00:00,765936,RAIN,1,DLY3208,900,1,25315,1011,0,0,6,NA,2013-05-19 09:09:45,0
2013-05-20 00:00:00,765936,RAIN,1,DLY3208,900,1,25315,1011,0,0,6,NA,2013-05-20 09:42:03,0
2013-05-21 00:00:00,765936,RAIN,1,DLY3208,900,1,25315,1011,0.2,0,6,NA,2013-05-21 09:30:38,0
2013-05-22 00:00:00,765936,RAIN,1,DLY3208,900,1,25315,1011,2.7,0,6,NA,2013-05-22 09:15:28,0
2013-05-23 00:00:00,765936,RAIN,1,DLY3208,900,1,25315,1011,2.6,0,6,NA,2013-05-23 17:03:31,0
2013-05-24 00:00:00,765936,RAIN,1,DLY3208,900,1,25315,1011,0.3,0,6,NA,2013-05-24 17:11:44,0
2013-05-25 00:00:00,765936,RAIN,1,DLY3208,900,1,25315,1011,0,0,6,NA,2013-05-25 09:18:05,0
2013-05-26 00:00:00,765936,RAIN,1,DLY3208,900,1,25315,1011,0,0,6,NA,2013-05-26 09:37:22,0
2013-05-27 00:00:00,765936,RAIN,1,DLY3208,900,1,25315,1011,0,0,6,NA,2013-05-27 09:34:29,0
2013-05-28 00:00:00,765936,RAIN,1,DLY3208,900,1,25315,1011,0,0,6,NA,2013-05-28 09:34:45,0
2013-05-29 00:00:00,765936,RAIN,1,DLY3208,900,1,25315,1011,0,0,6,NA,2013-05-29 09:07:49,0
2013-05-30 00:00:00,765936,RAIN,1,DLY3208,900,1,25315,1011,0,0,6,NA,2013-05-30 09:18:51,0
2013-05-31 00:00:00,765936,RAIN,1,DLY3208,900,1,25315,1011,0.1,0,6,NA,2013-05-31 09:11:54,0
2013-06-01 00:00:00,765936,RAIN,1,DLY3208,900,1,25315,1011,0.3,0,6,NA,2013-06-01 09:36:16,0
2013-06-02 00:00:00,765936,RAIN,1,DLY3208,900,1,25315,1011,0.3,0,6,NA,2013-06-02 09:19:24,0
2013-06-03 00:00:00,765936,RAIN,1,DLY3208,900,1,25315,1011,0,0,6,NA,2013-06-03 09:33:38,0
2013-06-04 00:00:00,765936,RAIN,1,DLY3208,900,1,25315,1011,0,0,6,NA,2013-06-04 09:28:28,0
2013-06-05 00:00:00,765936,RAIN,1,DLY3208,900,1,25315,1011,0,0,10006,NA,2013-06-05 09:11:45,0
2013-06-06 00:00:00,765936,RAIN,1,DLY3208,900,1,25315,1011,0,0,6,NA,2013-06-06 09:10:32,0
2013-06-07 00:00:00,765936,RAIN,1,DLY3208,900,1,25315,1011,0,0,6,NA,2013-06-07 09:31:39,0
2013-06-08 00:00:00,765936,RAIN,1,DLY3208,900,1,25315,1011,0,0,10006,NA,2013-06-08 09:09:22,0
2013-06-09 00:00:00,765936,RAIN,1,DLY3208,900,1,25315,1011,0,0,6,NA,2013-06-09 10:34:11,0
2013-06-10 00:00:00,765936,RAIN,1,DLY3208,900,1,25315,1011,0,0,6,NA,2013-06-10 09:27:00,0
2013-06-11 00:00:00,765936,RAIN,1,DLY3208,900,1,25315,1011,0,0,6,NA,2013-06-11 09:10:59,0
2013-06-12 00:00:00,765936,RAIN,1,DLY3208,900,1,25315,1011,3.8,0,6,NA,2013-06-12 09:16:09,0
2013-06-13 00:00:00,765936,RAIN,1,DLY3208,900,1,25315,1011,2.8,0,6,NA,2013-06-13 09:27:25,0
2013-06-14 00:00:00,765936,RAIN,1,DLY3208,900,1,25315,1011,0.3,0,6,NA,2013-06-14 09:18:30,0
2013-06-15 00:00:00,765936,RAIN,1,DLY3208,900,1,25315,1011,0.5,0,6,NA,2013-06-15 09:26:16,0
2013-06-16 00:00:00,765936,RAIN,1,DLY3208,900,1,25315,1011,1.1,0,6,NA,2013-06-16 10:25:03,0
2013-06-17 00:00:00,765936,RAIN,1,DLY3208,900,1,25315,1011,0,0,6,NA,2013-06-17 09:15:24,0
2013-06-18 00:00:00,765936,RAIN,1,DLY3208,900,1,25315,1011,0,0,6,NA,2013-06-18 09:20:12,0
2013-06-19 00:00:00,765936,RAIN,1,DLY3208,900,1,25315,1011,0,0,6,NA,2013-06-19 09:17:11,0
2013-06-20 00:00:00,765936,RAIN,1,DLY3208,900,1,25315,1011,0.3,0,6,NA,2013-06-20 09:08:21,0
2013-06-21 00:00:00,765936,RAIN,1,DLY3208,900,1,25315,1011,1.6,0,6,NA,2013-06-21 09:18:50,0
2013-06-22 00:00:00,765936,RAIN,1,DLY3208,900,1,25315,1011,4.3,0,6,NA,2013-06-22 09:28:59,0
2013-06-23 00:00:00,765936,RAIN,1,DLY3208,900,1,25315,1011,4,0,6,NA,2013-06-23 09:54:27,0
2013-06-24 00:00:00,765936,RAIN,1,DLY3208,900,1,25315,1011,4.2,0,6,NA,2013-06-24 10:44:05,0
2013-06-25 00:00:00,765936,RAIN,1,DLY3208,900,1,25315,1011,0,0,6,NA,2013-06-25 09:12:27,0
2013-06-26 00:00:00,765936,RAIN,1,DLY3208,900,1,25315,1011,1.6,0,6,NA,2013-06-26 09:07:52,0
2013-06-27 00:00:00,765936,RAIN,1,DLY3208,900,1,25315,1011,0,0,6,NA,2013-06-27 09:07:48,0
2013-06-28 00:00:00,765936,RAIN,1,DLY3208,900,1,25315,1011,7.5,0,6,NA,2013-06-28 09:29:28,0
2013-06-29 00:00:00,765936,RAIN,1,DLY3208,900,1,25315,1011,7.2,0,6,NA,2013-06-29 09:22:35,0
2013-06-30 00:00:00,765936,RAIN,1,DLY3208,900,1,25315,1011,6.8,0,6,NA,2013-06-30 09:16:23,0
2013-07-01 00:00:00,765936,RAIN,1,DLY3208,900,1,25315,1011,1.2,0,6,NA,2013-07-01 09:21:07,0
2013-07-02 00:00:00,765936,RAIN,1,DLY3208,900,1,25315,1011,0,0,6,NA,2013-07-02 09:17:54,0
2013-07-03 00:00:00,765936,RAIN,1,DLY3208,900,1,25315,1011,1.1,0,6,NA,2013-07-03 09:17:09,0
2013-07-04 00:00:00,765936,RAIN,1,DLY3208,900,1,25315,1011,0.5,0,6,NA,2013-07-04 09:12:42,0
2013-07-05 00:00:00,765936,RAIN,1,DLY3208,900,1,25315,1011,0.5,0,6,NA,2013-07-05 09:51:16,0
2013-07-06 00:00:00,765936,RAIN,1,DLY3208,900,1,25315,1011,0,0,6,NA,2013-07-06 09:15:21,0
2013-07-07 00:00:00,765936,RAIN,1,DLY3208,900,1,25315,1011,0.5,0,6,NA,2013-07-07 09:17:44,0
2013-07-08 00:00:00,765936,RAIN,1,DLY3208,900,1,25315,1011,0,0,6,NA,2013-07-08 09:21:24,0
2013-07-09 00:00:00,765936,RAIN,1,DLY3208,900,1,25315,1011,0,0,6,NA,2013-07-09 15:59:13,0
2013-07-10 00:00:00,765936,RAIN,1,DLY3208,900,1,25315,1011,0,0,6,NA,2013-07-10 09:07:05,0
2013-07-11 00:00:00,765936,RAIN,1,DLY3208,900,1,25315,1011,0,0,6,NA,2013-07-11 09:36:29,0
2013-07-12 00:00:00,765936,RAIN,1,DLY3208,900,1,25315,1011,0,0,6,NA,2013-07-12 09:14:01,0
2013-07-13 00:00:00,765936,RAIN,1,DLY3208,900,1,25315,1011,1,0,6,NA,2013-07-13 09:21:01,0
2013-07-14 00:00:00,765936,RAIN,1,DLY3208,900,1,25315,1011,0.2,0,6,NA,2013-07-14 09:25:12,0
2013-07-15 00:00:00,765936,RAIN,1,DLY3208,900,1,25315,1011,6.3,0,6,NA,2013-07-15 09:26:28,0
2013-07-16 00:00:00,765936,RAIN,1,DLY3208,900,1,25315,1011,4.3,0,6,NA,2013-07-16 09:21:40,0
2013-07-17 00:00:00,765936,RAIN,1,DLY3208,900,1,25315,1011,0,0,10006,NA,2013-07-17 09:16:53,0
2013-07-18 00:00:00,765936,RAIN,1,DLY3208,900,1,25315,1011,0.1,0,6,NA,2013-07-18 09:21:23,0
2013-07-19 00:00:00,765936,RAIN,1,DLY3208,900,1,25315,1011,0.1,0,6,NA,2013-07-20 09:21:32,0
2013-07-20 00:00:00,765936,RAIN,1,DLY3208,900,1,25315,1011,0,0,6,NA,2013-07-20 09:25:35,0
2013-07-21 00:00:00,765936,RAIN,1,DLY3208,900,1,25315,1011,0,0,6,NA,2013-07-21 09:53:43,0
2013-07-22 00:00:00,765936,RAIN,1,DLY3208,900,1,25315,1011,0,0,6,NA,2013-07-22 09:35:27,0
2013-07-23 00:00:00,765936,RAIN,1,DLY3208,900,1,25315,1011,0,0,6,NA,2013-07-23 17:15:49,0
2013-07-24 00:00:00,765936,RAIN,1,DLY3208,900,1,25315,1011,0,0,10006,NA,2013-07-24 09:31:39,0
2013-07-25 00:00:00,765936,RAIN,1,DLY3208,900,1,25315,1011,1.5,0,6,NA,2013-07-25 09:19:56,0
2013-07-26 00:00:00,765936,RAIN,1,DLY3208,900,1,25315,1011,2.6,0,6,NA,2013-07-26 09:28:10,0
2013-07-27 00:00:00,765936,RAIN,1,DLY3208,900,1,25315,1011,0,0,6,NA,2013-07-27 09:34:47,0
2013-07-28 00:00:00,765936,RAIN,1,DLY3208,900,1,25315,1011,0,0,6,NA,2013-07-28 10:27:48,0
2013-07-29 00:00:00,765936,RAIN,1,DLY3208,900,1,25315,1011,14.8,0,6,NA,2013-07-29 09:32:16,0
2013-07-30 00:00:00,765936,RAIN,1,DLY3208,900,1,25315,1011,9.1,0,6,NA,2013-07-30 09:20:38,0
2013-07-31 00:00:00,765936,RAIN,1,DLY3208,900,1,25315,1011,3.7,0,6,NA,2013-07-31 11:37:55,0
2013-08-01 00:00:00,765936,RAIN,1,DLY3208,900,1,25315,1011,0.9,0,6,NA,2013-08-01 09:12:48,0
2013-08-02 00:00:00,765936,RAIN,1,DLY3208,900,1,25315,1011,2.5,0,6,NA,2013-08-02 09:21:10,0
2013-08-03 00:00:00,765936,RAIN,1,DLY3208,900,1,25315,1011,0.4,0,6,NA,2013-08-03 10:18:47,0
2013-08-04 00:00:00,765936,RAIN,1,DLY3208,900,1,25315,1011,0.2,0,6,NA,2013-08-04 10:17:14,0
2013-08-05 00:00:00,765936,RAIN,1,DLY3208,900,1,25315,1011,0,0,6,NA,2013-08-05 09:17:17,0
2013-08-06 00:00:00,765936,RAIN,1,DLY3208,900,1,25315,1011,0.4,0,6,NA,2013-08-06 09:07:47,0
2013-08-07 00:00:00,765936,RAIN,1,DLY3208,900,1,25315,1011,0,0,6,NA,2013-08-07 09:25:48,0
2013-08-08 00:00:00,765936,RAIN,1,DLY3208,900,1,25315,1011,0,0,6,NA,2013-08-08 09:09:11,0
2013-08-09 00:00:00,765936,RAIN,1,DLY3208,900,1,25315,1011,0,0,6,NA,2013-08-09 09:13:39,0
2013-08-10 00:00:00,765936,RAIN,1,DLY3208,900,1,25315,1011,2,0,6,NA,2013-08-10 09:24:55,0
2013-08-11 00:00:00,765936,RAIN,1,DLY3208,900,1,25315,1011,0.4,0,6,NA,2013-08-11 10:29:00,0
2013-08-12 00:00:00,765936,RAIN,1,DLY3208,900,1,25315,1011,2.1,0,6,NA,2013-08-12 09:17:09,0
2013-08-13 00:00:00,765936,RAIN,1,DLY3208,900,1,25315,1011,18.7,0,6,NA,2013-08-13 09:10:57,0
2013-08-14 00:00:00,765936,RAIN,1,DLY3208,900,1,25315,1011,0.1,0,6,NA,2013-08-14 09:17:49,0
2013-08-15 00:00:00,765936,RAIN,1,DLY3208,900,1,25315,1022,1.4,0,2576,NA,2013-11-20 16:43:20,0
2013-08-16 00:00:00,765936,RAIN,1,DLY3208,900,1,25315,1011,2.5,0,6,NA,2013-08-16 09:20:25,0
2013-08-17 00:00:00,765936,RAIN,1,DLY3208,900,1,25315,1011,0,0,10006,NA,2013-08-17 09:23:02,0
2013-08-18 00:00:00,765936,RAIN,1,DLY3208,900,1,25315,1011,11.9,0,6,NA,2013-08-18 12:10:21,0
2013-08-19 00:00:00,765936,RAIN,1,DLY3208,900,1,25315,1011,2.5,0,6,NA,2013-08-19 09:27:57,0
2013-08-20 00:00:00,765936,RAIN,1,DLY3208,900,1,25315,1011,0.2,0,6,NA,2013-08-20 09:14:28,0
2013-08-21 00:00:00,765936,RAIN,1,DLY3208,900,1,25315,1011,0,0,6,NA,2013-08-21 09:17:20,0
2013-08-22 00:00:00,765936,RAIN,1,DLY3208,900,1,25315,1011,0,0,6,NA,2013-08-22 09:11:29,0
2013-08-23 00:00:00,765936,RAIN,1,DLY3208,900,1,25315,1011,0,0,6,NA,2013-08-23 09:16:48,0
2013-08-24 00:00:00,765936,RAIN,1,DLY3208,900,1,25315,1011,3.2,0,6,NA,2013-08-24 09:29:02,0
2013-08-25 00:00:00,765936,RAIN,1,DLY3208,900,1,25315,1011,0.1,0,6,NA,2013-08-25 10:06:05,0
2013-08-26 00:00:00,765936,RAIN,1,DLY3208,900,1,25315,1011,0,0,6,NA,2013-08-26 09:19:50,0
2013-08-27 00:00:00,765936,RAIN,1,DLY3208,900,1,25315,1011,4,0,6,NA,2013-08-27 22:54:07,0
2013-08-28 00:00:00,765936,RAIN,1,DLY3208,900,1,25315,1011,0.3,0,6,NA,2013-08-28 09:19:58,0
2013-08-29 00:00:00,765936,RAIN,1,DLY3208,900,1,25315,1011,0.9,0,6,NA,2013-08-29 09:16:36,0
2013-08-30 00:00:00,765936,RAIN,1,DLY3208,900,1,25315,1011,0.3,0,6,NA,2013-08-30 09:10:48,0
2013-08-31 00:00:00,765936,RAIN,1,DLY3208,900,1,25315,1011,2.3,0,6,NA,2013-08-31 09:09:12,0
2013-09-01 00:00:00,765936,RAIN,1,DLY3208,900,1,25315,1011,6.3,0,6,NA,2013-09-01 10:22:39,0
2013-09-02 00:00:00,765936,RAIN,1,DLY3208,900,1,25315,1011,15.3,0,6,NA,2013-09-02 09:27:36,0
2013-09-03 00:00:00,765936,RAIN,1,DLY3208,900,1,25315,1011,4.2,0,6,NA,2013-09-03 09:37:46,0
2013-09-04 00:00:00,765936,RAIN,1,DLY3208,900,1,25315,1011,0.2,0,6,NA,2013-09-04 09:24:22,0
2013-09-05 00:00:00,765936,RAIN,1,DLY3208,900,1,25315,1011,3,0,6,NA,2013-09-05 09:30:48,0
2013-09-06 00:00:00,765936,RAIN,1,DLY3208,900,1,25315,1011,0,0,6,NA,2013-09-06 09:36:56,0
2013-09-07 00:00:00,765936,RAIN,1,DLY3208,900,1,25315,1011,0.5,0,6,NA,2013-09-07 09:28:22,0
2013-09-08 00:00:00,765936,RAIN,1,DLY3208,900,1,25315,1011,0.1,0,6,NA,2013-09-08 09:19:00,0
2013-09-09 00:00:00,765936,RAIN,1,DLY3208,900,1,25315,1011,0,0,6,NA,2013-09-09 09:19:05,0
2013-09-10 00:00:00,765936,RAIN,1,DLY3208,900,1,25315,1011,0,0,6,NA,2013-09-10 13:37:02,0
2013-09-11 00:00:00,765936,RAIN,1,DLY3208,900,1,25315,1011,6.1,0,6,NA,2013-09-11 09:17:30,0
2013-09-12 00:00:00,765936,RAIN,1,DLY3208,900,1,25315,1011,0.8,0,6,NA,2013-09-12 09:15:04,0
2013-09-13 00:00:00,765936,RAIN,1,DLY3208,900,1,25315,1011,3.5,0,6,NA,2013-09-16 12:40:52,0
2013-09-14 00:00:00,765936,RAIN,1,DLY3208,900,1,25315,1011,0,0,6,NA,2013-09-16 12:44:11,0
2013-09-15 00:00:00,765936,RAIN,1,DLY3208,900,1,25315,1011,13.5,0,6,NA,2013-09-16 12:47:52,0
2013-09-16 00:00:00,765936,RAIN,1,DLY3208,900,1,25315,1011,6,0,6,NA,2013-09-16 12:50:59,0
2013-09-17 00:00:00,765936,RAIN,1,DLY3208,900,1,25315,1011,10.3,0,6,NA,2013-09-17 09:16:22,0
2013-09-18 00:00:00,765936,RAIN,1,DLY3208,900,1,25315,1011,1.9,0,6,NA,2013-09-18 13:54:58,0
2013-09-19 00:00:00,765936,RAIN,1,DLY3208,900,1,25315,1011,1.5,0,6,NA,2013-09-19 09:01:33,0
2013-09-20 00:00:00,765936,RAIN,1,DLY3208,900,1,25315,1011,2.8,0,6,NA,2013-09-20 09:15:16,0
2013-09-21 00:00:00,765936,RAIN,1,DLY3208,900,1,25315,1011,3.2,0,6,NA,2013-09-21 09:13:28,0
2013-09-22 00:00:00,765936,RAIN,1,DLY3208,900,1,25315,1011,22.7,0,6,NA,2013-09-22 09:19:03,0
2013-09-23 00:00:00,765936,RAIN,1,DLY3208,900,1,25315,1011,5.6,0,6,NA,2013-09-23 09:08:11,0
2013-09-24 00:00:00,765936,RAIN,1,DLY3208,900,1,25315,1011,4,0,6,NA,2013-09-24 09:17:56,0
2013-09-25 00:00:00,765936,RAIN,1,DLY3208,900,1,25315,1011,1,0,6,NA,2013-09-25 09:20:59,0
2013-09-26 00:00:00,765936,RAIN,1,DLY3208,900,1,25315,1011,0,0,6,NA,2013-09-26 09:12:40,0
2013-09-27 00:00:00,765936,RAIN,1,DLY3208,900,1,25315,1011,0,0,6,NA,2013-09-27 09:31:44,0
2013-09-28 00:00:00,765936,RAIN,1,DLY3208,900,1,25315,1011,5,0,6,NA,2013-09-28 09:21:05,0
2013-09-29 00:00:00,765936,RAIN,1,DLY3208,900,1,25315,1011,0.4,0,6,NA,2013-09-29 10:11:58,0
2013-09-30 00:00:00,765936,RAIN,1,DLY3208,900,1,25315,1011,0,0,6,NA,2013-09-30 09:17:59,0
2013-10-01 00:00:00,765936,RAIN,1,DLY3208,900,1,25315,1011,0,0,6,NA,2013-10-01 09:21:57,0
2013-10-02 00:00:00,765936,RAIN,1,DLY3208,900,1,25315,1011,0,0,6,NA,2013-10-02 09:30:30,0
2013-10-03 00:00:00,765936,RAIN,1,DLY3208,900,1,25315,1011,1,0,6,NA,2013-10-03 09:20:38,0
2013-10-04 00:00:00,765936,RAIN,1,DLY3208,900,1,25315,1011,14.7,0,6,NA,2013-10-04 09:22:49,0
2013-10-05 00:00:00,765936,RAIN,1,DLY3208,900,1,25315,1011,0.3,0,6,NA,2013-10-05 09:32:11,0
2013-10-06 00:00:00,765936,RAIN,1,DLY3208,900,1,25315,1011,0.9,0,6,NA,2013-10-06 09:18:45,0
2013-10-07 00:00:00,765936,RAIN,1,DLY3208,900,1,25315,1011,17.1,0,6,NA,2013-10-08 09:15:04,0
2013-10-08 00:00:00,765936,RAIN,1,DLY3208,900,1,25315,1011,7.6,0,6,NA,2013-10-08 09:11:48,0
2013-10-09 00:00:00,765936,RAIN,1,DLY3208,900,1,25315,1011,1.5,0,6,NA,2013-10-09 09:32:22,0
2013-10-10 00:00:00,765936,RAIN,1,DLY3208,900,1,25315,1011,2.6,0,6,NA,2013-10-10 09:13:25,0
2013-10-11 00:00:00,765936,RAIN,1,DLY3208,900,1,25315,1011,0,0,6,NA,2013-10-11 09:07:57,0
2013-10-12 00:00:00,765936,RAIN,1,DLY3208,900,1,25315,1011,0,0,6,NA,2013-10-12 09:13:48,0
2013-10-13 00:00:00,765936,RAIN,1,DLY3208,900,1,25315,1011,0,0,6,NA,2013-10-14 16:28:44,0
2013-10-14 00:00:00,765936,RAIN,1,DLY3208,900,1,25315,1011,0,0,6,NA,2013-10-14 16:31:24,0
2013-10-15 00:00:00,765936,RAIN,1,DLY3208,900,1,25315,1011,0.2,0,6,NA,2013-10-15 09:09:52,0
2013-10-16 00:00:00,765936,RAIN,1,DLY3208,900,1,25315,1011,0,0,6,NA,2013-10-16 09:03:55,0
2013-10-17 00:00:00,765936,RAIN,1,DLY3208,900,1,25315,1011,2.6,0,6,NA,2013-10-17 09:38:06,0
2013-10-18 00:00:00,765936,RAIN,1,DLY3208,900,1,25315,1011,1.3,0,6,NA,2013-10-18 13:58:58,0
2013-10-19 00:00:00,765936,RAIN,1,DLY3208,900,1,25315,1011,10.1,0,6,NA,2013-10-19 09:26:58,0
2013-10-20 00:00:00,765936,RAIN,1,DLY3208,900,1,25315,1011,40.3,0,6,NA,2013-10-20 09:59:56,0
2013-10-21 00:00:00,765936,RAIN,1,DLY3208,900,1,25315,1011,0.2,0,6,NA,2013-10-21 09:12:31,0
2013-10-22 00:00:00,765936,RAIN,1,DLY3208,900,1,25315,1011,1.8,0,6,NA,2013-10-22 09:23:28,0
2013-10-23 00:00:00,765936,RAIN,1,DLY3208,900,1,25315,1011,0,0,10006,NA,2013-10-23 09:15:43,0
2013-10-24 00:00:00,765936,RAIN,1,DLY3208,900,1,25315,1011,2.1,0,6,NA,2013-10-24 09:27:31,0
2013-10-25 00:00:00,765936,RAIN,1,DLY3208,900,1,25315,1011,0,0,10006,NA,2013-10-25 09:17:18,0
2013-10-26 00:00:00,765936,RAIN,1,DLY3208,900,1,25315,1011,4,0,6,NA,2013-10-26 09:14:30,0
2013-10-27 00:00:00,765936,RAIN,1,DLY3208,900,1,25315,1011,3.8,0,6,NA,2013-10-27 09:17:02,0
2013-10-28 00:00:00,765936,RAIN,1,DLY3208,900,1,25315,1011,4.5,0,6,NA,2013-10-28 09:16:46,0
2013-10-29 00:00:00,765936,RAIN,1,DLY3208,900,1,25315,1011,13.1,0,6,NA,2013-10-29 09:03:08,0
2013-10-30 00:00:00,765936,RAIN,1,DLY3208,900,1,25315,1011,5.9,0,6,NA,2013-10-30 17:17:30,0
2013-10-31 00:00:00,765936,RAIN,1,DLY3208,900,1,25315,1011,6.4,0,6,NA,2013-10-31 09:35:19,0
2013-11-01 00:00:00,765936,RAIN,1,DLY3208,900,1,25315,1011,8.8,0,6,NA,2013-11-01 09:49:46,0
2013-11-02 00:00:00,765936,RAIN,1,DLY3208,900,1,25315,1011,8.8,0,6,NA,2013-11-02 09:30:12,0
2013-11-03 00:00:00,765936,RAIN,1,DLY3208,900,1,25315,1011,52.1,0,6,NA,2013-11-03 09:57:17,0
2013-11-04 00:00:00,765936,RAIN,1,DLY3208,900,1,25315,1011,10.6,0,6,NA,2013-11-04 09:09:35,0
2013-11-05 00:00:00,765936,RAIN,1,DLY3208,900,1,25315,1011,0.2,0,6,NA,2013-11-05 09:34:41,0
2013-11-06 00:00:00,765936,RAIN,1,DLY3208,900,1,25315,1011,3.7,0,6,NA,2013-11-06 09:38:40,0
2013-11-07 00:00:00,765936,RAIN,1,DLY3208,900,1,25315,1011,27.8,0,6,NA,2013-11-07 09:17:08,0
2013-11-08 00:00:00,765936,RAIN,1,DLY3208,900,1,25315,1011,6.1,0,6,NA,2013-11-08 09:17:10,0
2013-11-09 00:00:00,765936,RAIN,1,DLY3208,900,1,25315,1011,8.4,0,6,NA,2013-11-09 10:05:00,0
2013-11-10 00:00:00,765936,RAIN,1,DLY3208,900,1,25315,1011,6,0,6,NA,2013-11-10 09:41:02,0
2013-11-11 00:00:00,765936,RAIN,1,DLY3208,900,1,25315,1011,10.5,0,6,NA,2013-11-11 09:16:47,0
2013-11-12 00:00:00,765936,RAIN,1,DLY3208,900,1,25315,1011,6.6,0,6,NA,2013-11-12 09:34:02,0
2013-11-13 00:00:00,765936,RAIN,1,DLY3208,900,1,25315,1011,2.7,0,6,NA,2013-11-13 09:19:37,0
2013-11-14 00:00:00,765936,RAIN,1,DLY3208,900,1,25315,1011,4.1,0,6,NA,2013-11-14 09:18:32,0
2013-11-15 00:00:00,765936,RAIN,1,DLY3208,900,1,25315,1011,1,0,6,NA,2013-11-15 09:27:57,0
2013-11-16 00:00:00,765936,RAIN,1,DLY3208,900,1,25315,1011,0.4,0,6,NA,2013-11-16 09:21:31,0
2013-11-17 00:00:00,765936,RAIN,1,DLY3208,900,1,25315,1011,1.7,0,6,NA,2013-11-17 09:21:40,0
2013-11-18 00:00:00,765936,RAIN,1,DLY3208,900,1,25315,1011,3.3,0,6,NA,2013-11-18 09:31:52,0
2013-11-19 00:00:00,765936,RAIN,1,DLY3208,900,1,25315,1011,6.6,0,6,NA,2013-11-19 09:27:30,0
2013-11-20 00:00:00,765936,RAIN,1,DLY3208,900,1,25315,1011,14.9,0,6,NA,2013-11-20 09:25:58,0
2013-11-21 00:00:00,765936,RAIN,1,DLY3208,900,1,25315,1011,0.7,0,6,NA,2013-11-21 10:09:10,0
2013-11-22 00:00:00,765936,RAIN,1,DLY3208,900,1,25315,1011,0.9,0,6,NA,2013-11-22 09:49:52,0
2013-11-23 00:00:00,765936,RAIN,1,DLY3208,900,1,25315,1011,1.9,0,6,NA,2013-11-23 10:04:39,0
2013-11-24 00:00:00,765936,RAIN,1,DLY3208,900,1,25315,1011,0.1,0,6,NA,2013-11-24 10:24:23,0
2013-11-25 00:00:00,765936,RAIN,1,DLY3208,900,1,25315,1011,0,0,6,NA,2013-11-25 09:34:14,0
2013-11-26 00:00:00,765936,RAIN,1,DLY3208,900,1,25315,1011,5.9,0,6,NA,2013-11-26 09:24:38,0
2013-11-27 00:00:00,765936,RAIN,1,DLY3208,900,1,25315,1011,5.7,0,6,NA,2013-11-27 09:21:28,0
2013-11-28 00:00:00,765936,RAIN,1,DLY3208,900,1,25315,1011,0.1,0,6,NA,2013-11-28 09:23:27,0
2013-11-29 00:00:00,765936,RAIN,1,DLY3208,900,1,25315,1011,5,0,6,NA,2013-11-29 09:15:32,0
2013-11-30 00:00:00,765936,RAIN,1,DLY3208,900,1,25315,1011,0.5,0,6,NA,2013-11-30 09:37:45,0
2013-12-01 00:00:00,765936,RAIN,1,DLY3208,900,1,25315,1011,0.4,0,6,NA,2013-12-01 10:28:21,0
2013-12-02 00:00:00,765936,RAIN,1,DLY3208,900,1,25315,1011,0,0,6,NA,2013-12-02 15:54:32,0
2013-12-03 00:00:00,765936,RAIN,1,DLY3208,900,1,25315,1011,3.3,0,6,NA,2013-12-03 09:55:54,0
2013-12-04 00:00:00,765936,RAIN,1,DLY3208,900,1,25315,1011,6.4,0,6,NA,2013-12-04 09:33:04,0
2013-12-05 00:00:00,765936,RAIN,1,DLY3208,900,1,25315,1011,16.5,0,6,NA,2013-12-05 10:15:52,0
2013-12-06 00:00:00,765936,RAIN,1,DLY3208,900,1,25315,1011,3,0,6,NA,2013-12-06 09:44:01,0
2013-12-07 00:00:00,765936,RAIN,1,DLY3208,900,1,25315,1011,1,0,6,NA,2013-12-07 11:13:19,0
2013-12-08 00:00:00,765936,RAIN,1,DLY3208,900,1,25315,1011,10.7,0,6,NA,2013-12-08 09:15:48,0
2013-12-09 00:00:00,765936,RAIN,1,DLY3208,900,1,25315,1011,9.7,0,6,NA,2013-12-09 09:27:23,0
2013-12-10 00:00:00,765936,RAIN,1,DLY3208,900,1,25315,1011,0,0,10006,NA,2013-12-10 09:30:34,0
2013-12-11 00:00:00,765936,RAIN,1,DLY3208,900,1,25315,1011,0.4,0,6,NA,2013-12-13 08:42:55,0
2013-12-12 00:00:00,765936,RAIN,1,DLY3208,900,1,25315,1011,3,0,6,NA,2013-12-13 08:46:27,0
2013-12-13 00:00:00,765936,RAIN,1,DLY3208,900,1,25315,1011,0.3,0,6,NA,2013-12-13 09:22:13,0
2013-12-14 00:00:00,765936,RAIN,1,DLY3208,900,1,25315,1022,2.5,0,2576,NA,2014-03-13 11:31:18,0
2013-12-15 00:00:00,765936,RAIN,1,DLY3208,900,1,25315,1022,5.8,0,2576,NA,2014-03-13 11:31:18,0
2013-12-16 00:00:00,765936,RAIN,1,DLY3208,900,1,25315,1011,2.6,0,6,NA,2013-12-16 09:21:46,0
2013-12-17 00:00:00,765936,RAIN,1,DLY3208,900,1,25315,1011,1.2,0,6,NA,2013-12-17 09:27:56,0
2013-12-18 00:00:00,765936,RAIN,1,DLY3208,900,1,25315,1011,0.3,0,6,NA,2013-12-18 09:26:33,0
2013-12-19 00:00:00,765936,RAIN,1,DLY3208,900,1,25315,1011,7,0,6,NA,2013-12-19 18:13:21,0
2013-12-20 00:00:00,765936,RAIN,1,DLY3208,900,1,25315,1011,1,0,6,NA,2013-12-20 09:14:18,0
2013-12-21 00:00:00,765936,RAIN,1,DLY3208,900,1,25315,1011,7.4,0,6,NA,2013-12-23 09:23:27,0
2013-12-22 00:00:00,765936,RAIN,1,DLY3208,900,1,25315,1011,3,0,6,NA,2013-12-22 09:35:37,0
2013-12-23 00:00:00,765936,RAIN,1,DLY3208,900,1,25315,1011,2.9,0,6,NA,2013-12-23 09:26:34,0
2013-12-24 00:00:00,765936,RAIN,1,DLY3208,900,1,25315,1011,5.6,0,6,NA,2013-12-24 09:19:56,0
2013-12-25 00:00:00,765936,RAIN,1,DLY3208,900,1,25315,1011,7.7,0,6,NA,2013-12-25 09:29:10,0
2013-12-26 00:00:00,765936,RAIN,1,DLY3208,900,1,25315,1011,16.3,0,6,NA,2013-12-26 09:36:55,0
2013-12-27 00:00:00,765936,RAIN,1,DLY3208,900,1,25315,1011,12.6,0,6,NA,2013-12-27 09:26:20,0
2013-12-28 00:00:00,765936,RAIN,1,DLY3208,900,1,25315,1011,5,0,6,NA,2013-12-28 09:21:31,0
2013-12-29 00:00:00,765936,RAIN,1,DLY3208,900,1,25315,1011,3.1,0,6,NA,2013-12-29 09:30:36,0
2013-12-30 00:00:00,765936,RAIN,1,DLY3208,900,1,25315,1011,7.4,0,6,NA,2013-12-30 09:38:01,0
2013-12-31 00:00:00,765936,RAIN,1,DLY3208,900,1,25315,1011,0.2,0,6,NA,2013-12-31 09:13:11,0
end data
