Conventions,G,BADC-CSV,1
title,G,uk-daily-rain-obs
source,G,Met Office MIDAS database
creator,G,Met Office
activity,G,Met Office MIDAS Open: UK Land Surface Stations Data
feature_type,G,point series
collection_name,G,midas-open
collection_version_number,G,dataset-version-202107
history,G,Created 2021-07-15
last_revised_date,G,2021-07-15
observation_station,G,orkney-loch-of-hundland
historic_county_name,G,orkney
midas_station_id,G,25315
location,G,59.112,-3.229
height,G,28,m
date_valid,G,2000-01-01 00:00:00,2000-12-31 23:59:59
midas_qc_version_number,G,1
comments,G,The midas_qc_version_number indicates if the data are original received message (0) or current best version (1)
comments,G,This file contains station observations
comments,G,missing values are identified with the missing data flag
missing_value,G,NA
coordinate_variable,ob_date,t
long_name,ob_date,Date of observation,s
type,ob_date,char
comments,ob_date,Date and time (YYYY-MM-DD HH:MM:SS) of the observation
long_name,id,station identifier,1
type,id,char
comments,id,a station may have more than one id assigned to it designated by the id_type
long_name,id_type,identifier type,1
type,id_type,char
comments,id_type,a station may have more than one id assigned to it defined by id_type
long_name,version_num,midas qc version number,1
type,version_num,int
comments,version_num,The midas_qc_version_number indicates if the data are original received message (0) or current best version (1)
long_name,met_domain_name,message type,1
type,met_domain_name,char
comments,met_domain_name,message type (see MIDAS documentation)
long_name,ob_day_cnt,Observation day count,day
type,ob_day_cnt,int
long_name,ob_end_ctime,clock time at end of observation as HHMM,s
type,ob_end_ctime,char
long_name,src_id,unique source identifier or station site number,1
type,src_id,int
comments,src_id,unique source identifier or station site number
long_name,rec_st_ind,state indicator for the record,1
type,rec_st_ind,int
comments,rec_st_ind,state indicator for the current stage in the life of the record (see MIDAS documentation)
long_name,prcp_amt,Precipitation amount,mm
type,prcp_amt,float
long_name,ob_day_cnt_q,QC code: observation day count,1
type,ob_day_cnt_q,int
long_name,prcp_amt_q,QC code: precipitation amount,1
type,prcp_amt_q,int
long_name,prcp_amt_j,Descriptor: precipitation amount,1
type,prcp_amt_j,int
long_name,meto_stmp_time,Met Office receipt stamp time,s
type,meto_stmp_time,char
comments,meto_stmp_time,Met Office receipt stampe time in format (YYYY-MM-DD HH:MM:SS)
long_name,midas_stmp_etime,Elapsed time to storage in MIDAS ,minutes
type,midas_stmp_etime,int
data
ob_date,id,id_type,version_num,met_domain_name,ob_end_ctime,ob_day_cnt,src_id,rec_st_ind,prcp_amt,ob_day_cnt_q,prcp_amt_q,prcp_amt_j,meto_stmp_time,midas_stmp_etime
2000-01-01 00:00:00,765936,RAIN,1,DLY3208,900,1,25315,1011,12.1,0,6,NA,2000-03-06 12:44:00,226612
2000-01-02 00:00:00,765936,RAIN,1,DLY3208,900,1,25315,1011,10.1,0,6,NA,2000-04-19 14:55:00,173123
2000-01-03 00:00:00,765936,RAIN,1,DLY3208,900,1,25315,1011,1,0,6,NA,2000-04-19 14:55:00,173123
2000-01-04 00:00:00,765936,RAIN,1,DLY3208,900,1,25315,1011,4.9,0,6,NA,2000-04-19 14:55:00,173123
2000-01-05 00:00:00,765936,RAIN,1,DLY3208,900,1,25315,1011,8.2,0,6,NA,2000-04-19 14:55:00,173123
2000-01-06 00:00:00,765936,RAIN,1,DLY3208,900,1,25315,1011,9,0,6,NA,2000-04-19 14:55:00,173123
2000-01-07 00:00:00,765936,RAIN,1,DLY3208,900,1,25315,1011,0.8,0,6,NA,2000-04-19 14:55:00,173123
2000-01-08 00:00:00,765936,RAIN,1,DLY3208,900,1,25315,1011,7.5,0,6,NA,2000-04-19 14:55:00,173123
2000-01-09 00:00:00,765936,RAIN,1,DLY3208,900,1,25315,1011,3.9,0,6,NA,2000-04-19 14:55:00,173123
2000-01-10 00:00:00,765936,RAIN,1,DLY3208,900,1,25315,1011,1.3,0,6,NA,2000-04-19 14:55:00,173123
2000-01-11 00:00:00,765936,RAIN,1,DLY3208,900,1,25315,1011,5.1,0,6,NA,2000-04-19 14:55:00,173123
2000-01-12 00:00:00,765936,RAIN,1,DLY3208,900,1,25315,1011,9.8,0,6,NA,2000-04-19 14:55:00,173123
2000-01-13 00:00:00,765936,RAIN,1,DLY3208,900,1,25315,1011,5.5,0,6,NA,2000-04-19 14:55:00,173123
2000-01-14 00:00:00,765936,RAIN,1,DLY3208,900,1,25315,1011,5.4,0,6,NA,2000-04-19 14:55:00,173123
2000-01-15 00:00:00,765936,RAIN,1,DLY3208,900,1,25315,1011,2.4,0,6,NA,2000-04-19 14:55:00,173123
2000-01-16 00:00:00,765936,RAIN,1,DLY3208,900,1,25315,1011,0.4,0,6,NA,2000-04-19 14:55:00,173123
2000-01-17 00:00:00,765936,RAIN,1,DLY3208,900,1,25315,1011,0,0,10006,NA,2000-04-19 14:55:00,173123
2000-01-18 00:00:00,765936,RAIN,1,DLY3208,900,1,25315,1011,0.3,0,6,NA,2000-04-19 14:55:00,173123
2000-01-19 00:00:00,765936,RAIN,1,DLY3208,900,1,25315,1011,1,0,6,NA,2000-04-19 14:55:00,173123
2000-01-20 00:00:00,765936,RAIN,1,DLY3208,900,1,25315,1011,2.2,0,6,NA,2000-04-19 14:55:00,173123
2000-01-21 00:00:00,765936,RAIN,1,DLY3208,900,1,25315,1011,0.3,0,6,NA,2000-04-19 14:55:00,173123
2000-01-22 00:00:00,765936,RAIN,1,DLY3208,900,1,25315,1011,3.2,0,6,NA,2000-04-19 14:55:00,173123
2000-01-23 00:00:00,765936,RAIN,1,DLY3208,900,1,25315,1011,0.3,0,6,NA,2000-04-19 14:55:00,173123
2000-01-24 00:00:00,765936,RAIN,1,DLY3208,900,1,25315,1011,0.8,0,6,NA,2000-04-19 14:55:00,173123
2000-01-25 00:00:00,765936,RAIN,1,DLY3208,900,1,25315,1011,0,0,6,NA,2000-04-19 14:55:00,173123
2000-01-26 00:00:00,765936,RAIN,1,DLY3208,900,1,25315,1011,2,0,6,NA,2000-04-19 14:55:00,173123
2000-01-27 00:00:00,765936,RAIN,1,DLY3208,900,1,25315,1011,2.7,0,6,NA,2000-04-19 14:55:00,173123
2000-01-28 00:00:00,765936,RAIN,1,DLY3208,900,1,25315,1011,10.7,0,6,NA,2000-04-19 14:55:00,173123
2000-01-29 00:00:00,765936,RAIN,1,DLY3208,900,1,25315,1011,15.9,0,6,NA,2000-04-19 14:55:00,173123
2000-01-30 00:00:00,765936,RAIN,1,DLY3208,900,1,25315,1011,4.3,0,6,NA,2000-04-19 14:55:00,173123
2000-01-31 00:00:00,765936,RAIN,1,DLY3208,900,1,25315,1011,10.7,0,6,NA,2000-04-19 14:55:00,173123
2000-02-01 00:00:00,765936,RAIN,1,DLY3208,900,1,25315,1011,4.9,0,6,NA,2000-04-19 14:55:00,173123
2000-02-02 00:00:00,765936,RAIN,1,DLY3208,900,1,25315,1011,13.8,0,6,NA,2000-05-09 08:55:00,160515
2000-02-03 00:00:00,765936,RAIN,1,DLY3208,900,1,25315,1011,3.2,0,6,NA,2000-05-09 08:55:00,160515
2000-02-04 00:00:00,765936,RAIN,1,DLY3208,900,1,25315,1011,6.3,0,6,NA,2000-05-09 08:55:00,160515
2000-02-05 00:00:00,765936,RAIN,1,DLY3208,900,1,25315,1011,1.7,0,6,NA,2000-05-09 08:55:00,160515
2000-02-06 00:00:00,765936,RAIN,1,DLY3208,900,1,25315,1011,4.2,0,6,NA,2000-05-09 08:55:00,160515
2000-02-07 00:00:00,765936,RAIN,1,DLY3208,900,1,25315,1011,1.4,0,6,NA,2000-05-09 08:55:00,160515
2000-02-08 00:00:00,765936,RAIN,1,DLY3208,900,1,25315,1011,1.7,0,6,NA,2000-05-09 08:55:00,160515
2000-02-09 00:00:00,765936,RAIN,1,DLY3208,900,1,25315,1011,12.8,0,6,NA,2000-05-09 08:55:00,160515
2000-02-10 00:00:00,765936,RAIN,1,DLY3208,900,1,25315,1011,7.7,0,6,NA,2000-05-09 08:55:00,160515
2000-02-11 00:00:00,765936,RAIN,1,DLY3208,900,1,25315,1011,11.4,0,6,NA,2000-05-09 08:55:00,160515
2000-02-12 00:00:00,765936,RAIN,1,DLY3208,900,1,25315,1011,2.1,0,6,NA,2000-05-09 08:55:00,160515
2000-02-13 00:00:00,765936,RAIN,1,DLY3208,900,1,25315,1011,9,0,6,NA,2000-05-09 08:55:00,160515
2000-02-14 00:00:00,765936,RAIN,1,DLY3208,900,1,25315,1011,0.2,0,6,NA,2000-05-09 08:55:00,160515
2000-02-15 00:00:00,765936,RAIN,1,DLY3208,900,1,25315,1011,7.3,0,6,NA,2000-05-09 08:55:00,160515
2000-02-16 00:00:00,765936,RAIN,1,DLY3208,900,1,25315,1011,5.1,0,6,NA,2000-05-09 08:55:00,160515
2000-02-17 00:00:00,765936,RAIN,1,DLY3208,900,1,25315,1011,3.9,0,6,NA,2000-05-09 08:55:00,160515
2000-02-18 00:00:00,765936,RAIN,1,DLY3208,900,1,25315,1011,0.2,0,6,NA,2000-05-09 08:55:00,160515
2000-02-19 00:00:00,765936,RAIN,1,DLY3208,900,1,25315,1011,1.2,0,6,NA,2000-05-09 08:55:00,160515
2000-02-20 00:00:00,765936,RAIN,1,DLY3208,900,1,25315,1011,0,0,6,NA,2000-05-09 08:55:00,160515
2000-02-21 00:00:00,765936,RAIN,1,DLY3208,900,1,25315,1011,3.2,0,6,NA,2000-05-09 08:55:00,160515
2000-02-22 00:00:00,765936,RAIN,1,DLY3208,900,1,25315,1011,2,0,6,NA,2000-05-09 08:55:00,160515
2000-02-23 00:00:00,765936,RAIN,1,DLY3208,900,1,25315,1011,0.3,0,6,NA,2000-05-09 08:55:00,160515
2000-02-24 00:00:00,765936,RAIN,1,DLY3208,900,1,25315,1011,6.7,0,6,NA,2000-05-09 08:55:00,160515
2000-02-25 00:00:00,765936,RAIN,1,DLY3208,900,1,25315,1011,10.8,0,6,NA,2000-05-09 08:55:00,160515
2000-02-26 00:00:00,765936,RAIN,1,DLY3208,900,1,25315,1011,1.8,0,6,NA,2000-05-09 08:55:00,160515
2000-02-27 00:00:00,765936,RAIN,1,DLY3208,900,1,25315,1011,2.1,0,6,NA,2000-05-09 08:55:00,160515
2000-02-28 00:00:00,765936,RAIN,1,DLY3208,900,1,25315,1011,9.1,0,6,NA,2000-05-09 08:55:00,160515
2000-02-29 00:00:00,765936,RAIN,1,DLY3208,900,1,25315,1011,10.8,0,6,NA,2000-05-09 08:55:00,160515
2000-03-01 00:00:00,765936,RAIN,1,DLY3208,900,1,25315,1011,3.6,0,6,NA,2000-05-09 08:55:00,160515
2000-03-02 00:00:00,765936,RAIN,1,DLY3208,900,1,25315,1011,4.2,0,6,NA,2000-05-23 07:23:00,163491
2000-03-03 00:00:00,765936,RAIN,1,DLY3208,900,1,25315,1011,5.5,0,6,NA,2000-05-23 07:23:00,163491
2000-03-04 00:00:00,765936,RAIN,1,DLY3208,900,1,25315,1011,1.9,0,6,NA,2000-05-23 07:23:00,163491
2000-03-05 00:00:00,765936,RAIN,1,DLY3208,900,1,25315,1011,2,0,6,NA,2000-05-23 07:23:00,163491
2000-03-06 00:00:00,765936,RAIN,1,DLY3208,900,1,25315,1011,7.9,0,6,NA,2000-05-23 07:23:00,163491
2000-03-07 00:00:00,765936,RAIN,1,DLY3208,900,1,25315,1011,12.7,0,6,NA,2000-05-23 07:23:00,163491
2000-03-08 00:00:00,765936,RAIN,1,DLY3208,900,1,25315,1011,9.7,0,6,NA,2000-05-23 07:23:00,163491
2000-03-09 00:00:00,765936,RAIN,1,DLY3208,900,1,25315,1011,7.5,0,6,NA,2000-05-23 07:23:00,163491
2000-03-10 00:00:00,765936,RAIN,1,DLY3208,900,1,25315,1011,4.3,0,6,NA,2000-05-23 07:23:00,163491
2000-03-11 00:00:00,765936,RAIN,1,DLY3208,900,1,25315,1011,9.8,0,6,NA,2000-05-23 07:23:00,163491
2000-03-12 00:00:00,765936,RAIN,1,DLY3208,900,1,25315,1011,1.7,0,6,NA,2000-05-23 07:23:00,163491
2000-03-13 00:00:00,765936,RAIN,1,DLY3208,900,1,25315,1011,1.8,0,6,NA,2000-05-23 07:23:00,163491
2000-03-14 00:00:00,765936,RAIN,1,DLY3208,900,1,25315,1011,4.1,0,6,NA,2000-05-23 07:23:00,163491
2000-03-15 00:00:00,765936,RAIN,1,DLY3208,900,1,25315,1011,2.7,0,6,NA,2000-05-23 07:23:00,163491
2000-03-16 00:00:00,765936,RAIN,1,DLY3208,900,1,25315,1011,0.5,0,6,NA,2000-05-23 07:23:00,163491
2000-03-17 00:00:00,765936,RAIN,1,DLY3208,900,1,25315,1011,0.1,0,6,NA,2000-05-23 07:23:00,163491
2000-03-18 00:00:00,765936,RAIN,1,DLY3208,900,1,25315,1011,0,0,6,NA,2000-05-23 07:23:00,163491
2000-03-19 00:00:00,765936,RAIN,1,DLY3208,900,1,25315,1011,0,0,6,NA,2000-05-23 07:23:00,163491
2000-03-20 00:00:00,765936,RAIN,1,DLY3208,900,1,25315,1011,0.7,0,6,NA,2000-05-23 07:23:00,163491
2000-03-21 00:00:00,765936,RAIN,1,DLY3208,900,1,25315,1011,9.4,0,6,NA,2000-05-23 07:23:00,163491
2000-03-22 00:00:00,765936,RAIN,1,DLY3208,900,1,25315,1011,2.7,0,6,NA,2000-05-23 07:23:00,163491
2000-03-23 00:00:00,765936,RAIN,1,DLY3208,900,1,25315,1011,2.5,0,6,NA,2000-05-23 07:23:00,163491
2000-03-24 00:00:00,765936,RAIN,1,DLY3208,900,1,25315,1011,5.4,0,6,NA,2000-05-23 07:23:00,163491
2000-03-25 00:00:00,765936,RAIN,1,DLY3208,900,1,25315,1011,1.2,0,6,NA,2000-05-23 07:23:00,163491
2000-03-26 00:00:00,765936,RAIN,1,DLY3208,900,1,25315,1011,0,0,6,NA,2000-05-23 07:23:00,163491
2000-03-27 00:00:00,765936,RAIN,1,DLY3208,900,1,25315,1011,0,0,6,NA,2000-05-23 07:23:00,163491
2000-03-28 00:00:00,765936,RAIN,1,DLY3208,900,1,25315,1011,0.1,0,6,NA,2000-05-23 07:23:00,163491
2000-03-29 00:00:00,765936,RAIN,1,DLY3208,900,1,25315,1011,0,0,6,NA,2000-05-23 07:23:00,163491
2000-03-30 00:00:00,765936,RAIN,1,DLY3208,900,1,25315,1011,0,0,6,NA,2000-05-23 07:23:00,163491
2000-03-31 00:00:00,765936,RAIN,1,DLY3208,900,1,25315,1011,2.4,0,6,NA,2000-05-23 07:23:00,163491
2000-04-01 00:00:00,765936,RAIN,1,DLY3208,900,1,25315,1011,16.8,0,6,NA,2000-05-23 07:23:00,163491
2000-04-02 00:00:00,765936,RAIN,1,DLY3208,900,1,25315,1011,12.2,0,6,NA,2000-06-26 14:21:00,151544
2000-04-03 00:00:00,765936,RAIN,1,DLY3208,900,1,25315,1011,1,0,6,NA,2000-06-26 14:21:00,151544
2000-04-04 00:00:00,765936,RAIN,1,DLY3208,900,1,25315,1011,1.7,0,6,NA,2000-06-26 14:21:00,151544
2000-04-05 00:00:00,765936,RAIN,1,DLY3208,900,1,25315,1011,2.8,0,6,NA,2000-06-26 14:21:00,151544
2000-04-06 00:00:00,765936,RAIN,1,DLY3208,900,1,25315,1011,0,0,6,NA,2000-06-26 14:21:00,151544
2000-04-07 00:00:00,765936,RAIN,1,DLY3208,900,1,25315,1011,0,0,6,NA,2000-06-26 14:21:00,151544
2000-04-08 00:00:00,765936,RAIN,1,DLY3208,900,1,25315,1011,4.9,0,6,NA,2000-06-26 14:21:00,151544
2000-04-09 00:00:00,765936,RAIN,1,DLY3208,900,1,25315,1011,0,0,6,NA,2000-06-26 14:21:00,151544
2000-04-10 00:00:00,765936,RAIN,1,DLY3208,900,1,25315,1011,1,0,6,NA,2000-06-26 14:21:00,151544
2000-04-11 00:00:00,765936,RAIN,1,DLY3208,900,1,25315,1011,4.1,0,6,NA,2000-06-26 14:21:00,151544
2000-04-12 00:00:00,765936,RAIN,1,DLY3208,900,1,25315,1011,11.1,0,6,NA,2000-06-26 14:21:00,151544
2000-04-13 00:00:00,765936,RAIN,1,DLY3208,900,1,25315,1011,3.2,0,6,NA,2000-06-26 14:21:00,151544
2000-04-14 00:00:00,765936,RAIN,1,DLY3208,900,1,25315,1011,1.2,0,6,NA,2000-06-26 14:21:00,151544
2000-04-15 00:00:00,765936,RAIN,1,DLY3208,900,1,25315,1011,0,0,6,NA,2000-06-26 14:21:00,151544
2000-04-16 00:00:00,765936,RAIN,1,DLY3208,900,1,25315,1011,0.2,0,6,NA,2000-06-26 14:21:00,151544
2000-04-17 00:00:00,765936,RAIN,1,DLY3208,900,1,25315,1011,0.5,0,6,NA,2000-06-26 14:21:00,151544
2000-04-18 00:00:00,765936,RAIN,1,DLY3208,900,1,25315,1011,8.6,0,6,NA,2000-06-26 14:21:00,151544
2000-04-19 00:00:00,765936,RAIN,1,DLY3208,900,1,25315,1011,0.4,0,6,NA,2000-06-26 14:21:00,151544
2000-04-20 00:00:00,765936,RAIN,1,DLY3208,900,1,25315,1011,3.9,0,6,NA,2000-06-26 14:21:00,151544
2000-04-21 00:00:00,765936,RAIN,1,DLY3208,900,1,25315,1011,0,0,6,NA,2000-06-26 14:21:00,151544
2000-04-22 00:00:00,765936,RAIN,1,DLY3208,900,1,25315,1011,0.3,0,6,NA,2000-06-26 14:21:00,151544
2000-04-23 00:00:00,765936,RAIN,1,DLY3208,900,1,25315,1011,0.1,0,6,NA,2000-06-26 14:21:00,151544
2000-04-24 00:00:00,765936,RAIN,1,DLY3208,900,1,25315,1011,5.9,0,6,NA,2000-06-26 14:21:00,151544
2000-04-25 00:00:00,765936,RAIN,1,DLY3208,900,1,25315,1011,1.6,0,6,NA,2000-06-26 14:21:00,151544
2000-04-26 00:00:00,765936,RAIN,1,DLY3208,900,1,25315,1011,0.6,0,6,NA,2000-06-26 14:21:00,151544
2000-04-27 00:00:00,765936,RAIN,1,DLY3208,900,1,25315,1011,6,0,6,NA,2000-06-26 14:21:00,151544
2000-04-28 00:00:00,765936,RAIN,1,DLY3208,900,1,25315,1011,0.6,0,6,NA,2000-06-26 14:21:00,151544
2000-04-29 00:00:00,765936,RAIN,1,DLY3208,900,1,25315,1011,0.9,0,6,NA,2000-06-26 14:21:00,151544
2000-04-30 00:00:00,765936,RAIN,1,DLY3208,900,1,25315,1011,0,0,10006,NA,2000-06-26 14:21:00,151544
2000-05-01 00:00:00,765936,RAIN,1,DLY3208,900,1,25315,1011,0,0,6,NA,2000-06-26 14:21:00,151544
2000-05-02 00:00:00,765936,RAIN,1,DLY3208,900,1,25315,1011,0,0,6,NA,2000-07-03 18:47:00,162802
2000-05-03 00:00:00,765936,RAIN,1,DLY3208,900,1,25315,1011,0,0,6,NA,2000-07-03 18:47:00,162802
2000-05-04 00:00:00,765936,RAIN,1,DLY3208,900,1,25315,1011,0,0,6,NA,2000-07-03 18:47:00,162802
2000-05-05 00:00:00,765936,RAIN,1,DLY3208,900,1,25315,1011,0,0,10006,NA,2000-07-03 18:47:00,162802
2000-05-06 00:00:00,765936,RAIN,1,DLY3208,900,1,25315,1011,0,0,6,NA,2000-07-03 18:47:00,162802
2000-05-07 00:00:00,765936,RAIN,1,DLY3208,900,1,25315,1011,0,0,6,NA,2000-07-03 18:47:00,162802
2000-05-08 00:00:00,765936,RAIN,1,DLY3208,900,1,25315,1011,0,0,6,NA,2000-07-03 18:47:00,162802
2000-05-09 00:00:00,765936,RAIN,1,DLY3208,900,1,25315,1011,0,0,6,NA,2000-07-03 18:47:00,162802
2000-05-10 00:00:00,765936,RAIN,1,DLY3208,900,1,25315,1011,0,0,6,NA,2000-07-03 18:47:00,162802
2000-05-11 00:00:00,765936,RAIN,1,DLY3208,900,1,25315,1011,0,0,6,NA,2000-07-03 18:47:00,162802
2000-05-12 00:00:00,765936,RAIN,1,DLY3208,900,1,25315,1011,0,0,6,NA,2000-07-03 18:47:00,162802
2000-05-13 00:00:00,765936,RAIN,1,DLY3208,900,1,25315,1011,0,0,6,NA,2000-07-03 18:47:00,162802
2000-05-14 00:00:00,765936,RAIN,1,DLY3208,900,1,25315,1011,0,0,6,NA,2000-07-03 18:47:00,162802
2000-05-15 00:00:00,765936,RAIN,1,DLY3208,900,1,25315,1011,0,0,6,NA,2000-07-03 18:47:00,162802
2000-05-16 00:00:00,765936,RAIN,1,DLY3208,900,1,25315,1011,0.1,0,6,NA,2000-07-03 18:47:00,162802
2000-05-17 00:00:00,765936,RAIN,1,DLY3208,900,1,25315,1011,0,0,10006,NA,2000-07-03 18:47:00,162802
2000-05-18 00:00:00,765936,RAIN,1,DLY3208,900,1,25315,1011,6.7,0,6,NA,2000-07-03 18:47:00,162802
2000-05-19 00:00:00,765936,RAIN,1,DLY3208,900,1,25315,1011,3.1,0,6,NA,2000-07-03 18:47:00,162802
2000-05-20 00:00:00,765936,RAIN,1,DLY3208,900,1,25315,1011,4.8,0,6,NA,2000-07-03 18:47:00,162802
2000-05-21 00:00:00,765936,RAIN,1,DLY3208,900,1,25315,1011,0.8,0,6,NA,2000-07-03 18:47:00,162802
2000-05-22 00:00:00,765936,RAIN,1,DLY3208,900,1,25315,1011,2.6,0,6,NA,2000-07-03 18:47:00,162802
2000-05-23 00:00:00,765936,RAIN,1,DLY3208,900,1,25315,1011,2.9,0,6,NA,2000-07-03 18:47:00,162802
2000-05-24 00:00:00,765936,RAIN,1,DLY3208,900,1,25315,1011,2.2,0,6,NA,2000-07-03 18:47:00,162802
2000-05-25 00:00:00,765936,RAIN,1,DLY3208,900,1,25315,1011,0.8,0,6,NA,2000-07-03 18:47:00,162802
2000-05-26 00:00:00,765936,RAIN,1,DLY3208,900,1,25315,1011,1.6,0,6,NA,2000-07-03 18:47:00,162802
2000-05-27 00:00:00,765936,RAIN,1,DLY3208,900,1,25315,1011,0.5,0,6,NA,2000-07-03 18:47:00,162802
2000-05-28 00:00:00,765936,RAIN,1,DLY3208,900,1,25315,1011,1.9,0,6,NA,2000-07-03 18:47:00,162802
2000-05-29 00:00:00,765936,RAIN,1,DLY3208,900,1,25315,1011,0,0,6,NA,2000-07-03 18:47:00,162802
2000-05-30 00:00:00,765936,RAIN,1,DLY3208,900,1,25315,1011,4.1,0,6,NA,2000-07-03 18:47:00,162802
2000-05-31 00:00:00,765936,RAIN,1,DLY3208,900,1,25315,1011,3.4,0,6,NA,2000-07-03 18:47:00,162802
2000-06-01 00:00:00,765936,RAIN,1,DLY3208,900,1,25315,1011,1.5,0,6,NA,2000-07-03 18:47:00,162802
2000-06-02 00:00:00,765936,RAIN,1,DLY3208,900,1,25315,1011,9.3,0,6,NA,2000-07-25 09:34:00,160323
2000-06-03 00:00:00,765936,RAIN,1,DLY3208,900,1,25315,1011,0,0,6,NA,2000-07-25 09:34:00,160323
2000-06-04 00:00:00,765936,RAIN,1,DLY3208,900,1,25315,1011,0,0,6,NA,2000-07-25 09:34:00,160323
2000-06-05 00:00:00,765936,RAIN,1,DLY3208,900,1,25315,1011,0,0,6,NA,2000-07-25 09:34:00,160323
2000-06-06 00:00:00,765936,RAIN,1,DLY3208,900,1,25315,1011,0,0,6,NA,2000-07-25 09:34:00,160323
2000-06-07 00:00:00,765936,RAIN,1,DLY3208,900,1,25315,1011,1.2,0,6,NA,2000-07-25 09:34:00,160323
2000-06-08 00:00:00,765936,RAIN,1,DLY3208,900,1,25315,1011,0.1,0,6,NA,2000-07-25 09:34:00,160323
2000-06-09 00:00:00,765936,RAIN,1,DLY3208,900,1,25315,1011,4.6,0,6,NA,2000-07-25 09:34:00,160323
2000-06-10 00:00:00,765936,RAIN,1,DLY3208,900,1,25315,1011,0.1,0,6,NA,2000-07-25 09:34:00,160323
2000-06-11 00:00:00,765936,RAIN,1,DLY3208,900,1,25315,1011,1.4,0,6,NA,2000-07-25 09:34:00,160323
2000-06-12 00:00:00,765936,RAIN,1,DLY3208,900,1,25315,1011,2.2,0,6,NA,2000-07-25 09:34:00,160323
2000-06-13 00:00:00,765936,RAIN,1,DLY3208,900,1,25315,1011,6.6,0,6,NA,2000-07-25 09:34:00,160323
2000-06-14 00:00:00,765936,RAIN,1,DLY3208,900,1,25315,1011,0.3,0,6,NA,2000-07-25 09:34:00,160323
2000-06-15 00:00:00,765936,RAIN,1,DLY3208,900,1,25315,1011,1.7,0,6,NA,2000-07-25 09:34:00,160323
2000-06-16 00:00:00,765936,RAIN,1,DLY3208,900,1,25315,1011,0,0,6,NA,2000-07-25 09:34:00,160323
2000-06-17 00:00:00,765936,RAIN,1,DLY3208,900,1,25315,1011,0,0,10006,NA,2000-07-25 09:34:00,131675
2000-06-18 00:00:00,765936,RAIN,1,DLY3208,900,1,25315,1011,1.3,0,6,NA,2000-07-25 09:34:00,160323
2000-06-19 00:00:00,765936,RAIN,1,DLY3208,900,1,25315,1011,2.8,0,6,NA,2000-07-25 09:34:00,160323
2000-06-20 00:00:00,765936,RAIN,1,DLY3208,900,1,25315,1011,0,0,6,NA,2000-07-25 09:34:00,160323
2000-06-21 00:00:00,765936,RAIN,1,DLY3208,900,1,25315,1011,0,0,6,NA,2000-07-25 09:34:00,160323
2000-06-22 00:00:00,765936,RAIN,1,DLY3208,900,1,25315,1011,14.8,0,6,NA,2000-07-25 09:34:00,160323
2000-06-23 00:00:00,765936,RAIN,1,DLY3208,900,1,25315,1011,12.3,0,6,NA,2000-07-25 09:34:00,160323
2000-06-24 00:00:00,765936,RAIN,1,DLY3208,900,1,25315,1011,1.5,0,6,NA,2000-07-25 09:34:00,160323
2000-06-25 00:00:00,765936,RAIN,1,DLY3208,900,1,25315,1011,0,0,10006,NA,2000-07-25 09:34:00,160323
2000-06-26 00:00:00,765936,RAIN,1,DLY3208,900,1,25315,1011,0,0,10006,NA,2000-07-25 09:34:00,160323
2000-06-27 00:00:00,765936,RAIN,1,DLY3208,900,1,25315,1011,0,0,6,NA,2000-07-25 09:34:00,160323
2000-06-28 00:00:00,765936,RAIN,1,DLY3208,900,1,25315,1011,0,0,6,NA,2000-07-25 09:34:00,160323
2000-06-29 00:00:00,765936,RAIN,1,DLY3208,900,1,25315,1011,0,0,10006,NA,2000-07-25 09:34:00,160323
2000-06-30 00:00:00,765936,RAIN,1,DLY3208,900,1,25315,1011,0.3,0,6,NA,2000-07-25 09:34:00,160323
2000-07-01 00:00:00,765936,RAIN,1,DLY3208,900,1,25315,1011,0,0,10006,B,2000-07-25 09:34:00,160323
2000-07-02 00:00:00,765936,RAIN,1,DLY3208,900,1,25315,1011,0,0,10006,B,2000-09-05 13:28:00,263917
2000-07-03 00:00:00,765936,RAIN,1,DLY3208,900,1,25315,1011,0.1,0,6,NA,2000-09-05 13:28:00,263917
2000-07-04 00:00:00,765936,RAIN,1,DLY3208,900,1,25315,1011,0.6,0,6,NA,2000-09-05 13:28:00,263917
2000-07-05 00:00:00,765936,RAIN,1,DLY3208,900,1,25315,1011,0,0,6,NA,2000-09-05 13:28:00,263917
2000-07-06 00:00:00,765936,RAIN,1,DLY3208,900,1,25315,1011,0.5,0,6,NA,2000-09-05 13:28:00,263917
2000-07-07 00:00:00,765936,RAIN,1,DLY3208,900,1,25315,1011,4,0,6,NA,2000-09-05 13:28:00,263917
2000-07-08 00:00:00,765936,RAIN,1,DLY3208,900,1,25315,1011,1.5,0,6,NA,2000-09-05 13:28:00,263917
2000-07-09 00:00:00,765936,RAIN,1,DLY3208,900,1,25315,1011,1.9,0,6,NA,2000-09-05 13:28:00,263917
2000-07-10 00:00:00,765936,RAIN,1,DLY3208,900,1,25315,1011,4.3,0,6,NA,2000-09-05 13:28:00,263917
2000-07-11 00:00:00,765936,RAIN,1,DLY3208,900,1,25315,1011,0.2,0,6,NA,2000-09-05 13:28:00,263917
2000-07-12 00:00:00,765936,RAIN,1,DLY3208,900,1,25315,1011,0,0,10006,NA,2000-09-05 13:28:00,99609
2000-07-13 00:00:00,765936,RAIN,1,DLY3208,900,1,25315,1011,4.8,0,6,NA,2000-09-05 13:28:00,263917
2000-07-14 00:00:00,765936,RAIN,1,DLY3208,900,1,25315,1011,0.1,0,6,NA,2000-09-05 13:28:00,263917
2000-07-15 00:00:00,765936,RAIN,1,DLY3208,900,1,25315,1011,0,0,6,NA,2000-09-05 13:28:00,263917
2000-07-16 00:00:00,765936,RAIN,1,DLY3208,900,1,25315,1011,0,0,6,NA,2000-09-05 13:28:00,263917
2000-07-17 00:00:00,765936,RAIN,1,DLY3208,900,1,25315,1011,0,0,6,NA,2000-09-05 13:28:00,263917
2000-07-18 00:00:00,765936,RAIN,1,DLY3208,900,1,25315,1011,0,0,6,NA,2000-09-05 13:28:00,263917
2000-07-19 00:00:00,765936,RAIN,1,DLY3208,900,1,25315,1011,2.5,0,6,NA,2000-09-05 13:28:00,263917
2000-07-20 00:00:00,765936,RAIN,1,DLY3208,900,1,25315,1011,0.1,0,6,NA,2000-09-05 13:28:00,263917
2000-07-21 00:00:00,765936,RAIN,1,DLY3208,900,1,25315,1011,0,0,6,NA,2000-09-05 13:28:00,263917
2000-07-22 00:00:00,765936,RAIN,1,DLY3208,900,1,25315,1011,0,0,6,NA,2000-09-05 13:28:00,263917
2000-07-23 00:00:00,765936,RAIN,1,DLY3208,900,1,25315,1011,0,0,6,NA,2000-09-05 13:28:00,263917
2000-07-24 00:00:00,765936,RAIN,1,DLY3208,900,1,25315,1011,0,0,6,NA,2000-09-05 13:28:00,263917
2000-07-25 00:00:00,765936,RAIN,1,DLY3208,900,1,25315,1011,2.7,0,6,NA,2000-09-05 13:28:00,263917
2000-07-26 00:00:00,765936,RAIN,1,DLY3208,900,1,25315,1011,1.9,0,6,NA,2000-09-05 13:28:00,263917
2000-07-27 00:00:00,765936,RAIN,1,DLY3208,900,1,25315,1011,0,0,6,NA,2000-09-05 13:28:00,263917
2000-07-28 00:00:00,765936,RAIN,1,DLY3208,900,1,25315,1011,0.2,0,6,NA,2000-09-05 13:28:00,263917
2000-07-29 00:00:00,765936,RAIN,1,DLY3208,900,1,25315,1011,0,0,6,NA,2000-09-05 13:28:00,263917
2000-07-30 00:00:00,765936,RAIN,1,DLY3208,900,1,25315,1011,0,0,6,NA,2000-09-05 13:28:00,263917
2000-07-31 00:00:00,765936,RAIN,1,DLY3208,900,1,25315,1011,0,0,6,NA,2000-09-05 13:28:00,263917
2000-08-01 00:00:00,765936,RAIN,1,DLY3208,900,1,25315,1011,6,0,6,NA,2000-09-05 13:28:00,263917
2000-08-02 00:00:00,765936,RAIN,1,DLY3208,900,1,25315,1011,10.8,0,6,NA,2000-10-11 11:21:00,212204
2000-08-03 00:00:00,765936,RAIN,1,DLY3208,900,1,25315,1011,0.2,0,6,NA,2000-10-11 11:21:00,212204
2000-08-04 00:00:00,765936,RAIN,1,DLY3208,900,1,25315,1011,0.6,0,6,NA,2000-10-11 11:21:00,212204
2000-08-05 00:00:00,765936,RAIN,1,DLY3208,900,1,25315,1011,0.4,0,6,NA,2000-10-11 11:21:00,212204
2000-08-06 00:00:00,765936,RAIN,1,DLY3208,900,1,25315,1011,3.5,0,6,NA,2000-10-11 11:21:00,212204
2000-08-07 00:00:00,765936,RAIN,1,DLY3208,900,1,25315,1011,0.1,0,6,NA,2000-10-11 11:21:00,212204
2000-08-08 00:00:00,765936,RAIN,1,DLY3208,900,1,25315,1011,0,0,6,NA,2000-10-11 11:21:00,212204
2000-08-09 00:00:00,765936,RAIN,1,DLY3208,900,1,25315,1011,0.5,0,6,NA,2000-10-11 11:21:00,212204
2000-08-10 00:00:00,765936,RAIN,1,DLY3208,900,1,25315,1011,4.6,0,6,NA,2000-10-11 11:21:00,212204
2000-08-11 00:00:00,765936,RAIN,1,DLY3208,900,1,25315,1014,0,0,10006,NA,2000-11-30 20:43:00,139642
2000-08-12 00:00:00,765936,RAIN,1,DLY3208,900,1,25315,1011,0,0,6,NA,2000-10-11 11:21:00,212204
2000-08-13 00:00:00,765936,RAIN,1,DLY3208,900,1,25315,1011,0.6,0,6,NA,2000-10-11 11:21:00,212204
2000-08-14 00:00:00,765936,RAIN,1,DLY3208,900,1,25315,1011,7,0,6,NA,2000-10-11 11:21:00,212204
2000-08-15 00:00:00,765936,RAIN,1,DLY3208,900,1,25315,1011,0,0,10006,NA,2000-10-11 11:21:00,212204
2000-08-16 00:00:00,765936,RAIN,1,DLY3208,900,1,25315,1011,0,0,6,NA,2000-10-11 11:21:00,212204
2000-08-17 00:00:00,765936,RAIN,1,DLY3208,900,1,25315,1011,0.4,0,6,NA,2000-10-11 11:21:00,212204
2000-08-18 00:00:00,765936,RAIN,1,DLY3208,900,1,25315,1011,0,0,6,NA,2000-10-11 11:21:00,212204
2000-08-19 00:00:00,765936,RAIN,1,DLY3208,900,1,25315,1011,6.9,0,6,NA,2000-10-11 11:21:00,212204
2000-08-20 00:00:00,765936,RAIN,1,DLY3208,900,1,25315,1011,0,0,6,NA,2000-10-11 11:21:00,212204
2000-08-21 00:00:00,765936,RAIN,1,DLY3208,900,1,25315,1011,0.1,0,6,NA,2000-10-11 11:21:00,212204
2000-08-22 00:00:00,765936,RAIN,1,DLY3208,900,1,25315,1011,0,0,6,NA,2000-10-11 11:21:00,212204
2000-08-23 00:00:00,765936,RAIN,1,DLY3208,900,1,25315,1011,0,0,6,NA,2000-10-11 11:21:00,212204
2000-08-24 00:00:00,765936,RAIN,1,DLY3208,900,1,25315,1011,5.8,0,6,NA,2000-10-11 11:21:00,212204
2000-08-25 00:00:00,765936,RAIN,1,DLY3208,900,1,25315,1011,0.8,0,6,NA,2000-10-11 11:21:00,212204
2000-08-26 00:00:00,765936,RAIN,1,DLY3208,900,1,25315,1011,1.4,0,6,NA,2000-10-11 11:21:00,212204
2000-08-27 00:00:00,765936,RAIN,1,DLY3208,900,1,25315,1011,24.7,0,6,NA,2000-10-11 11:21:00,212204
2000-08-28 00:00:00,765936,RAIN,1,DLY3208,900,1,25315,1011,0.1,0,6,NA,2000-10-11 11:21:00,212204
2000-08-29 00:00:00,765936,RAIN,1,DLY3208,900,1,25315,1011,0,0,6,NA,2000-10-11 11:21:00,212204
2000-08-30 00:00:00,765936,RAIN,1,DLY3208,900,1,25315,1011,0,0,6,NA,2000-10-11 11:21:00,212204
2000-08-31 00:00:00,765936,RAIN,1,DLY3208,900,1,25315,1011,0,0,6,NA,2000-10-11 11:21:00,212204
2000-09-01 00:00:00,765936,RAIN,1,DLY3208,900,1,25315,1011,0.3,0,6,NA,2000-10-11 11:21:00,212204
2000-09-02 00:00:00,765936,RAIN,1,DLY3208,900,1,25315,1011,0,0,6,NA,2000-11-10 17:53:00,119693
2000-09-03 00:00:00,765936,RAIN,1,DLY3208,900,1,25315,1011,0,0,6,NA,2000-11-10 17:53:00,119693
2000-09-04 00:00:00,765936,RAIN,1,DLY3208,900,1,25315,1011,0,0,6,NA,2000-11-10 17:53:00,119693
2000-09-05 00:00:00,765936,RAIN,1,DLY3208,900,1,25315,1011,6.1,0,6,NA,2000-11-10 17:53:00,119693
2000-09-06 00:00:00,765936,RAIN,1,DLY3208,900,1,25315,1011,0.7,0,6,NA,2000-11-10 17:53:00,119693
2000-09-07 00:00:00,765936,RAIN,1,DLY3208,900,1,25315,1011,9.5,0,6,NA,2000-11-10 17:53:00,119693
2000-09-08 00:00:00,765936,RAIN,1,DLY3208,900,1,25315,1011,0.3,0,6,NA,2000-11-10 17:53:00,119693
2000-09-09 00:00:00,765936,RAIN,1,DLY3208,900,1,25315,1011,2,0,6,NA,2000-11-10 17:53:00,119693
2000-09-10 00:00:00,765936,RAIN,1,DLY3208,900,1,25315,1011,0.9,0,6,NA,2000-11-10 17:53:00,119693
2000-09-11 00:00:00,765936,RAIN,1,DLY3208,900,1,25315,1011,0.4,0,6,NA,2000-11-10 17:53:00,119693
2000-09-12 00:00:00,765936,RAIN,1,DLY3208,900,1,25315,1011,0.8,0,6,NA,2000-11-10 17:53:00,119693
2000-09-13 00:00:00,765936,RAIN,1,DLY3208,900,1,25315,1011,0,0,6,NA,2000-11-10 17:53:00,119693
2000-09-14 00:00:00,765936,RAIN,1,DLY3208,900,1,25315,1011,3.9,0,6,NA,2000-11-10 17:53:00,119693
2000-09-15 00:00:00,765936,RAIN,1,DLY3208,900,1,25315,1011,2.7,0,6,NA,2000-11-10 17:53:00,119693
2000-09-16 00:00:00,765936,RAIN,1,DLY3208,900,1,25315,1011,0.9,0,6,NA,2000-11-10 17:53:00,119693
2000-09-17 00:00:00,765936,RAIN,1,DLY3208,900,1,25315,1011,0.9,0,6,NA,2000-11-10 17:53:00,119693
2000-09-18 00:00:00,765936,RAIN,1,DLY3208,900,1,25315,1011,10.4,0,6,NA,2000-11-10 17:53:00,119693
2000-09-19 00:00:00,765936,RAIN,1,DLY3208,900,1,25315,1011,1.2,0,6,NA,2000-11-10 17:53:00,119693
2000-09-20 00:00:00,765936,RAIN,1,DLY3208,900,1,25315,1011,3.7,0,6,NA,2000-11-10 17:53:00,119693
2000-09-21 00:00:00,765936,RAIN,1,DLY3208,900,1,25315,1011,1.6,0,6,NA,2000-11-10 17:53:00,119693
2000-09-22 00:00:00,765936,RAIN,1,DLY3208,900,1,25315,1011,6.9,0,6,NA,2000-11-10 17:53:00,119693
2000-09-23 00:00:00,765936,RAIN,1,DLY3208,900,1,25315,1011,0.9,0,6,NA,2000-11-10 17:53:00,119693
2000-09-24 00:00:00,765936,RAIN,1,DLY3208,900,1,25315,1011,0,0,10006,NA,2000-11-10 17:53:00,119693
2000-09-25 00:00:00,765936,RAIN,1,DLY3208,900,1,25315,1011,0,0,6,NA,2000-11-10 17:53:00,119693
2000-09-26 00:00:00,765936,RAIN,1,DLY3208,900,1,25315,1011,0,0,6,NA,2000-11-10 17:53:00,119693
2000-09-27 00:00:00,765936,RAIN,1,DLY3208,900,1,25315,1011,2.8,0,6,NA,2000-11-10 17:53:00,119693
2000-09-28 00:00:00,765936,RAIN,1,DLY3208,900,1,25315,1011,2.9,0,6,NA,2000-11-10 17:53:00,119693
2000-09-29 00:00:00,765936,RAIN,1,DLY3208,900,1,25315,1011,0,0,6,NA,2000-11-10 17:53:00,119693
2000-09-30 00:00:00,765936,RAIN,1,DLY3208,900,1,25315,1011,0,0,6,NA,2000-11-10 17:53:00,119693
2000-10-01 00:00:00,765936,RAIN,1,DLY3208,900,1,25315,1011,0,0,10006,NA,2000-11-10 17:53:00,119693
2000-10-02 00:00:00,765936,RAIN,1,DLY3208,900,1,25315,1011,0,0,6,NA,2000-12-05 11:41:00,141853
2000-10-03 00:00:00,765936,RAIN,1,DLY3208,900,1,25315,1011,2.2,0,6,NA,2000-12-05 11:41:00,141853
2000-10-04 00:00:00,765936,RAIN,1,DLY3208,900,1,25315,1011,7.4,0,6,NA,2000-12-05 11:41:00,141853
2000-10-05 00:00:00,765936,RAIN,1,DLY3208,900,1,25315,1011,3.2,0,6,NA,2000-12-05 11:41:00,141853
2000-10-06 00:00:00,765936,RAIN,1,DLY3208,900,1,25315,1011,0.4,0,6,NA,2000-12-05 11:41:00,141853
2000-10-07 00:00:00,765936,RAIN,1,DLY3208,900,1,25315,1011,0,0,6,NA,2000-12-05 11:41:00,141853
2000-10-08 00:00:00,765936,RAIN,1,DLY3208,900,1,25315,1011,5.4,0,6,NA,2000-12-05 11:41:00,141853
2000-10-09 00:00:00,765936,RAIN,1,DLY3208,900,1,25315,1011,0.3,0,6,NA,2000-12-05 11:41:00,141853
2000-10-10 00:00:00,765936,RAIN,1,DLY3208,900,1,25315,1011,11.1,0,6,NA,2000-12-05 11:41:00,141853
2000-10-11 00:00:00,765936,RAIN,1,DLY3208,900,1,25315,1011,12.9,0,6,NA,2000-12-05 11:41:00,141853
2000-10-12 00:00:00,765936,RAIN,1,DLY3208,900,1,25315,1011,8,0,6,NA,2000-12-05 11:41:00,141853
2000-10-13 00:00:00,765936,RAIN,1,DLY3208,900,1,25315,1011,11.7,0,6,NA,2000-12-05 11:41:00,141853
2000-10-14 00:00:00,765936,RAIN,1,DLY3208,900,1,25315,1011,0.8,0,6,NA,2000-12-05 11:41:00,141853
2000-10-15 00:00:00,765936,RAIN,1,DLY3208,900,1,25315,1011,0.3,0,6,NA,2000-12-05 11:41:00,141853
2000-10-16 00:00:00,765936,RAIN,1,DLY3208,900,1,25315,1011,0.1,0,6,NA,2000-12-05 11:41:00,141853
2000-10-17 00:00:00,765936,RAIN,1,DLY3208,900,1,25315,1011,4.9,0,6,NA,2000-12-05 11:41:00,141853
2000-10-18 00:00:00,765936,RAIN,1,DLY3208,900,1,25315,1011,6.7,0,6,NA,2000-12-05 11:41:00,141853
2000-10-19 00:00:00,765936,RAIN,1,DLY3208,900,1,25315,1011,0,0,6,NA,2000-12-05 11:41:00,141853
2000-10-20 00:00:00,765936,RAIN,1,DLY3208,900,1,25315,1011,2,0,6,NA,2000-12-05 11:41:00,141853
2000-10-21 00:00:00,765936,RAIN,1,DLY3208,900,1,25315,1011,0,0,10006,NA,2000-12-05 11:41:00,141853
2000-10-22 00:00:00,765936,RAIN,1,DLY3208,900,1,25315,1011,0.5,0,6,NA,2000-12-05 11:41:00,141853
2000-10-23 00:00:00,765936,RAIN,1,DLY3208,900,1,25315,1011,4,0,6,NA,2000-12-05 11:41:00,141853
2000-10-24 00:00:00,765936,RAIN,1,DLY3208,900,1,25315,1011,3.4,0,6,NA,2000-12-05 11:41:00,141853
2000-10-25 00:00:00,765936,RAIN,1,DLY3208,900,1,25315,1011,9.4,0,6,NA,2000-12-05 11:41:00,141853
2000-10-26 00:00:00,765936,RAIN,1,DLY3208,900,1,25315,1011,5.9,0,6,NA,2000-12-05 11:41:00,141853
2000-10-27 00:00:00,765936,RAIN,1,DLY3208,900,1,25315,1011,2.1,0,6,NA,2000-12-05 11:41:00,141853
2000-10-28 00:00:00,765936,RAIN,1,DLY3208,900,1,25315,1011,9.1,0,6,NA,2000-12-05 11:41:00,141853
2000-10-29 00:00:00,765936,RAIN,1,DLY3208,900,1,25315,1011,11,0,6,NA,2000-12-05 11:41:00,141853
2000-10-30 00:00:00,765936,RAIN,1,DLY3208,900,1,25315,1011,3.8,0,6,NA,2000-12-05 11:41:00,141853
2000-10-31 00:00:00,765936,RAIN,1,DLY3208,900,1,25315,1011,2,0,6,NA,2000-12-05 11:41:00,141853
2000-11-01 00:00:00,765936,RAIN,1,DLY3208,900,1,25315,1011,15.9,0,6,NA,2000-12-05 11:41:00,141853
2000-11-02 00:00:00,765936,RAIN,1,DLY3208,900,1,25315,1011,1.9,0,6,NA,2001-01-16 12:54:00,134433
2000-11-03 00:00:00,765936,RAIN,1,DLY3208,900,1,25315,1011,2.4,0,6,NA,2001-01-16 12:54:00,134433
2000-11-04 00:00:00,765936,RAIN,1,DLY3208,900,1,25315,1011,3.2,0,6,NA,2001-01-16 12:54:00,134433
2000-11-05 00:00:00,765936,RAIN,1,DLY3208,900,1,25315,1011,2.4,0,6,NA,2001-01-16 12:54:00,134433
2000-11-06 00:00:00,765936,RAIN,1,DLY3208,900,1,25315,1011,0.9,0,6,NA,2001-01-16 12:54:00,134433
2000-11-07 00:00:00,765936,RAIN,1,DLY3208,900,1,25315,1011,1.3,0,6,NA,2001-01-16 12:54:00,134433
2000-11-08 00:00:00,765936,RAIN,1,DLY3208,900,1,25315,1011,5.3,0,6,NA,2001-01-16 12:54:00,134433
2000-11-09 00:00:00,765936,RAIN,1,DLY3208,900,1,25315,1011,11.1,0,6,NA,2001-01-16 12:54:00,134433
2000-11-10 00:00:00,765936,RAIN,1,DLY3208,900,1,25315,1011,1.3,0,6,NA,2001-01-16 12:54:00,134433
2000-11-11 00:00:00,765936,RAIN,1,DLY3208,900,1,25315,1011,4.5,0,6,NA,2001-01-16 12:54:00,134433
2000-11-12 00:00:00,765936,RAIN,1,DLY3208,900,1,25315,1011,6.8,0,6,NA,2001-01-16 12:54:00,134433
2000-11-13 00:00:00,765936,RAIN,1,DLY3208,900,1,25315,1011,8.6,0,6,NA,2001-01-16 12:54:00,134433
2000-11-14 00:00:00,765936,RAIN,1,DLY3208,900,1,25315,1011,2.8,0,6,NA,2001-01-16 12:54:00,134433
2000-11-15 00:00:00,765936,RAIN,1,DLY3208,900,1,25315,1011,1.9,0,6,NA,2001-01-16 12:54:00,134433
2000-11-16 00:00:00,765936,RAIN,1,DLY3208,900,1,25315,1011,3,0,6,NA,2001-01-16 12:54:00,134433
2000-11-17 00:00:00,765936,RAIN,1,DLY3208,900,1,25315,1011,1.2,0,6,NA,2001-01-16 12:54:00,134433
2000-11-18 00:00:00,765936,RAIN,1,DLY3208,900,1,25315,1011,15.9,0,6,NA,2001-01-16 12:54:00,134433
2000-11-19 00:00:00,765936,RAIN,1,DLY3208,900,1,25315,1011,9.4,0,6,NA,2001-01-16 12:54:00,134433
2000-11-20 00:00:00,765936,RAIN,1,DLY3208,900,1,25315,1011,14.2,0,6,NA,2001-01-16 12:54:00,134433
2000-11-21 00:00:00,765936,RAIN,1,DLY3208,900,1,25315,1011,4.7,0,6,NA,2001-01-16 12:54:00,134433
2000-11-22 00:00:00,765936,RAIN,1,DLY3208,900,1,25315,1011,11.7,0,6,NA,2001-01-16 12:54:00,134433
2000-11-23 00:00:00,765936,RAIN,1,DLY3208,900,1,25315,1011,6.1,0,6,NA,2001-01-16 12:54:00,134433
2000-11-24 00:00:00,765936,RAIN,1,DLY3208,900,1,25315,1011,3.2,0,6,NA,2001-01-16 12:54:00,134433
2000-11-25 00:00:00,765936,RAIN,1,DLY3208,900,1,25315,1011,3.1,0,6,NA,2001-01-16 12:54:00,134433
2000-11-26 00:00:00,765936,RAIN,1,DLY3208,900,1,25315,1011,8.5,0,6,NA,2001-01-16 12:54:00,134433
2000-11-27 00:00:00,765936,RAIN,1,DLY3208,900,1,25315,1011,6.1,0,6,NA,2001-01-16 12:54:00,134433
2000-11-28 00:00:00,765936,RAIN,1,DLY3208,900,1,25315,1011,0.1,0,6,NA,2001-01-16 12:54:00,134433
2000-11-29 00:00:00,765936,RAIN,1,DLY3208,900,1,25315,1011,1.3,0,6,NA,2001-01-16 12:54:00,134433
2000-11-30 00:00:00,765936,RAIN,1,DLY3208,900,1,25315,1011,5.2,0,6,NA,2001-01-16 12:54:00,134433
2000-12-01 00:00:00,765936,RAIN,1,DLY3208,900,1,25315,1011,3.3,0,6,NA,2001-01-16 12:54:00,134433
2000-12-02 00:00:00,765936,RAIN,1,DLY3208,900,1,25315,1011,0.4,0,6,NA,2001-01-11 15:24:00,172914
2000-12-03 00:00:00,765936,RAIN,1,DLY3208,900,1,25315,1011,1.1,0,6,NA,2001-01-11 15:24:00,172914
2000-12-04 00:00:00,765936,RAIN,1,DLY3208,900,1,25315,1011,3.9,0,6,NA,2001-01-11 15:24:00,172914
2000-12-05 00:00:00,765936,RAIN,1,DLY3208,900,1,25315,1011,5.9,0,6,NA,2001-01-11 15:24:00,172914
2000-12-06 00:00:00,765936,RAIN,1,DLY3208,900,1,25315,1011,1.9,0,6,NA,2001-01-11 15:24:00,172914
2000-12-07 00:00:00,765936,RAIN,1,DLY3208,900,1,25315,1011,0.3,0,6,NA,2001-01-11 15:24:00,172914
2000-12-08 00:00:00,765936,RAIN,1,DLY3208,900,1,25315,1011,0.1,0,6,NA,2001-01-11 15:24:00,172914
2000-12-09 00:00:00,765936,RAIN,1,DLY3208,900,1,25315,1011,15.6,0,6,NA,2001-01-11 15:24:00,172914
2000-12-10 00:00:00,765936,RAIN,1,DLY3208,900,1,25315,1011,1.1,0,6,NA,2001-01-11 15:24:00,172914
2000-12-11 00:00:00,765936,RAIN,1,DLY3208,900,1,25315,1011,8.4,0,6,NA,2001-01-11 15:24:00,172914
2000-12-12 00:00:00,765936,RAIN,1,DLY3208,900,1,25315,1011,0.2,0,6,NA,2001-01-11 15:24:00,172914
2000-12-13 00:00:00,765936,RAIN,1,DLY3208,900,1,25315,1011,16.6,0,6,NA,2001-01-11 15:24:00,172914
2000-12-14 00:00:00,765936,RAIN,1,DLY3208,900,1,25315,1011,11,0,6,NA,2001-01-11 15:24:00,172914
2000-12-15 00:00:00,765936,RAIN,1,DLY3208,900,1,25315,1011,1.4,0,6,NA,2001-01-11 15:24:00,172914
2000-12-16 00:00:00,765936,RAIN,1,DLY3208,900,1,25315,1011,0.1,0,6,NA,2001-01-11 15:24:00,172914
2000-12-17 00:00:00,765936,RAIN,1,DLY3208,900,1,25315,1011,0,0,6,NA,2001-01-11 15:24:00,172914
2000-12-18 00:00:00,765936,RAIN,1,DLY3208,900,1,25315,1011,0.1,0,6,NA,2001-01-11 15:24:00,172914
2000-12-19 00:00:00,765936,RAIN,1,DLY3208,900,1,25315,1011,0,0,6,NA,2001-01-11 15:24:00,172914
2000-12-20 00:00:00,765936,RAIN,1,DLY3208,900,1,25315,1011,1.1,0,6,NA,2001-01-11 15:24:00,172914
2000-12-21 00:00:00,765936,RAIN,1,DLY3208,900,1,25315,1011,4.8,0,6,NA,2001-01-11 15:24:00,172914
2000-12-22 00:00:00,765936,RAIN,1,DLY3208,900,1,25315,1011,0.4,0,6,NA,2001-01-11 15:24:00,172914
2000-12-23 00:00:00,765936,RAIN,1,DLY3208,900,1,25315,1011,1,0,6,NA,2001-01-11 15:24:00,172914
2000-12-24 00:00:00,765936,RAIN,1,DLY3208,900,1,25315,1011,1.1,0,6,NA,2001-01-11 15:24:00,172914
2000-12-25 00:00:00,765936,RAIN,1,DLY3208,900,1,25315,1011,1,0,6,NA,2001-01-11 15:24:00,172914
2000-12-26 00:00:00,765936,RAIN,1,DLY3208,900,1,25315,1011,5,0,6,NA,2001-01-11 15:24:00,172914
2000-12-27 00:00:00,765936,RAIN,1,DLY3208,900,1,25315,1011,7.5,0,6,NA,2001-01-11 15:24:00,172914
2000-12-28 00:00:00,765936,RAIN,1,DLY3208,900,1,25315,1011,0,0,6,NA,2001-01-11 15:24:00,172914
2000-12-29 00:00:00,765936,RAIN,1,DLY3208,900,1,25315,1011,0.1,0,6,NA,2001-01-11 15:24:00,172914
2000-12-30 00:00:00,765936,RAIN,1,DLY3208,900,1,25315,1011,1.9,0,6,NA,2001-01-11 15:24:00,172914
2000-12-31 00:00:00,765936,RAIN,1,DLY3208,900,1,25315,1011,8.8,0,6,NA,2001-01-11 15:24:00,172914
end data
