Conventions,G,BADC-CSV,1
title,G,uk-daily-rain-obs
source,G,Met Office MIDAS database
creator,G,Met Office
activity,G,Met Office MIDAS Open: UK Land Surface Stations Data
feature_type,G,point series
collection_name,G,midas-open
collection_version_number,G,dataset-version-202107
history,G,Created 2021-07-15
last_revised_date,G,2021-07-15
observation_station,G,rackwick
historic_county_name,G,orkney
midas_station_id,G,00019
location,G,58.873,-3.387
height,G,18,m
date_valid,G,2007-01-01 00:00:00,2007-12-31 23:59:59
midas_qc_version_number,G,1
comments,G,The midas_qc_version_number indicates if the data are original received message (0) or current best version (1)
comments,G,This file contains station observations
comments,G,missing values are identified with the missing data flag
missing_value,G,NA
coordinate_variable,ob_date,t
long_name,ob_date,Date of observation,s
type,ob_date,char
comments,ob_date,Date and time (YYYY-MM-DD HH:MM:SS) of the observation
long_name,id,station identifier,1
type,id,char
comments,id,a station may have more than one id assigned to it designated by the id_type
long_name,id_type,identifier type,1
type,id_type,char
comments,id_type,a station may have more than one id assigned to it defined by id_type
long_name,version_num,midas qc version number,1
type,version_num,int
comments,version_num,The midas_qc_version_number indicates if the data are original received message (0) or current best version (1)
long_name,met_domain_name,message type,1
type,met_domain_name,char
comments,met_domain_name,message type (see MIDAS documentation)
long_name,ob_day_cnt,Observation day count,day
type,ob_day_cnt,int
long_name,ob_end_ctime,clock time at end of observation as HHMM,s
type,ob_end_ctime,char
long_name,src_id,unique source identifier or station site number,1
type,src_id,int
comments,src_id,unique source identifier or station site number
long_name,rec_st_ind,state indicator for the record,1
type,rec_st_ind,int
comments,rec_st_ind,state indicator for the current stage in the life of the record (see MIDAS documentation)
long_name,prcp_amt,Precipitation amount,mm
type,prcp_amt,float
long_name,ob_day_cnt_q,QC code: observation day count,1
type,ob_day_cnt_q,int
long_name,prcp_amt_q,QC code: precipitation amount,1
type,prcp_amt_q,int
long_name,prcp_amt_j,Descriptor: precipitation amount,1
type,prcp_amt_j,int
long_name,meto_stmp_time,Met Office receipt stamp time,s
type,meto_stmp_time,char
comments,meto_stmp_time,Met Office receipt stampe time in format (YYYY-MM-DD HH:MM:SS)
long_name,midas_stmp_etime,Elapsed time to storage in MIDAS ,minutes
type,midas_stmp_etime,int
data
ob_date,id,id_type,version_num,met_domain_name,ob_end_ctime,ob_day_cnt,src_id,rec_st_ind,prcp_amt,ob_day_cnt_q,prcp_amt_q,prcp_amt_j,meto_stmp_time,midas_stmp_etime
2007-01-01 00:00:00,768249,RAIN,1,NCM,900,1,19,1011,9.5,NA,6,NA,2007-01-01 08:58:00,53
2007-01-02 00:00:00,768249,RAIN,1,NCM,900,1,19,1011,9.1,NA,6,NA,2007-01-02 09:00:00,52
2007-01-03 00:00:00,768249,RAIN,1,NCM,900,1,19,1011,6.8,NA,6,NA,2007-01-03 09:02:00,49
2007-01-04 00:00:00,768249,RAIN,1,NCM,900,1,19,1011,8.3,NA,6,NA,2007-01-04 09:01:00,51
2007-01-05 00:00:00,768249,RAIN,1,NCM,900,1,19,1011,7.1,NA,6,NA,2007-01-05 09:02:00,50
2007-01-06 00:00:00,768249,RAIN,1,NCM,900,1,19,1011,0.2,NA,6,NA,2007-01-06 09:03:00,49
2007-01-07 00:00:00,768249,RAIN,1,NCM,900,1,19,1011,2.2,NA,6,NA,2007-01-07 08:59:00,52
2007-01-08 00:00:00,768249,RAIN,1,NCM,900,1,19,1011,2.6,NA,6,NA,2007-01-08 08:59:00,52
2007-01-09 00:00:00,768249,RAIN,1,NCM,900,1,19,1011,8.5,NA,6,NA,2007-01-09 09:02:00,49
2007-01-10 00:00:00,768249,RAIN,1,NCM,900,1,19,1011,23.1,NA,6,NA,2007-01-10 08:59:00,53
2007-01-11 00:00:00,768249,RAIN,1,NCM,900,1,19,1011,5.3,NA,6,NA,2007-01-11 09:03:00,343
2007-01-12 00:00:00,768249,RAIN,1,NCM,900,1,19,1011,4.2,NA,6,NA,2007-01-12 09:03:00,50
2007-01-13 00:00:00,768249,RAIN,1,NCM,900,1,19,1011,14.2,NA,6,NA,2007-01-13 09:04:00,48
2007-01-14 00:00:00,768249,RAIN,1,NCM,900,1,19,1011,15.3,NA,6,NA,2007-01-14 17:31:00,452
2007-01-15 00:00:00,768249,RAIN,1,NCM,900,1,19,1011,7.9,NA,6,NA,2007-01-15 09:02:00,51
2007-01-16 00:00:00,768249,RAIN,1,NCM,900,1,19,1011,3.1,NA,6,NA,2007-01-16 09:01:00,51
2007-01-17 00:00:00,768249,RAIN,1,NCM,900,1,19,1011,7,NA,6,NA,2007-01-17 09:02:00,50
2007-01-18 00:00:00,768249,RAIN,1,NCM,900,1,19,1011,2.7,NA,6,NA,2007-01-18 09:04:00,49
2007-01-19 00:00:00,768249,RAIN,1,NCM,900,1,19,1011,1.3,NA,6,NA,2007-01-19 08:59:00,54
2007-01-20 00:00:00,768249,RAIN,1,NCM,900,1,19,1011,10.3,NA,6,NA,2007-01-20 09:01:00,51
2007-01-21 00:00:00,768249,RAIN,1,NCM,900,1,19,1011,21.4,NA,6,NA,2007-01-21 09:02:00,59
2007-01-22 00:00:00,768249,RAIN,1,NCM,900,1,19,1011,2,NA,6,NA,2007-01-22 09:03:00,50
2007-01-23 00:00:00,768249,RAIN,1,NCM,900,1,19,1011,2.2,NA,6,NA,2007-01-23 09:00:00,52
2007-01-24 00:00:00,768249,RAIN,1,NCM,900,1,19,1011,3,NA,6,NA,2007-01-24 08:59:00,54
2007-01-25 00:00:00,768249,RAIN,1,NCM,900,1,19,1011,0.5,NA,6,NA,2007-01-25 08:59:00,54
2007-01-26 00:00:00,768249,RAIN,1,NCM,900,1,19,1011,2.4,NA,6,NA,2007-01-26 09:00:00,54
2007-01-27 00:00:00,768249,RAIN,1,NCM,900,1,19,1011,1,NA,6,NA,2007-01-27 08:56:00,59
2007-01-28 00:00:00,768249,RAIN,1,NCM,900,1,19,1014,9.3,NA,1306,NA,2007-07-26 19:59:26,0
2007-01-29 00:00:00,768249,RAIN,1,NCM,900,1,19,1014,2.6,NA,1306,NA,2007-07-26 19:59:26,0
2007-01-30 00:00:00,768249,RAIN,1,NCM,900,1,19,1022,1,1,1306,NA,2007-07-26 19:59:26,0
2007-01-31 00:00:00,768249,RAIN,1,NCM,900,1,19,1011,4.9,NA,6,NA,2007-01-31 09:02:00,49
2007-02-01 00:00:00,768249,RAIN,1,NCM,900,1,19,1011,3.7,NA,6,NA,2007-02-01 12:01:00,783
2007-02-02 00:00:00,768249,RAIN,1,NCM,900,1,19,1011,3.1,NA,6,NA,2007-02-02 09:02:00,50
2007-02-03 00:00:00,768249,RAIN,1,NCM,900,1,19,1011,0.1,0,6,NA,2007-03-22 14:55:00,0
2007-02-04 00:00:00,768249,RAIN,1,NCM,900,1,19,1011,2.4,NA,6,NA,2007-02-04 09:00:00,52
2007-02-05 00:00:00,768249,RAIN,1,NCM,900,1,19,1011,6.3,NA,6,NA,2007-02-05 08:59:00,53
2007-02-06 00:00:00,768249,RAIN,1,NCM,900,1,19,1011,6.3,NA,6,NA,2007-02-06 09:07:00,46
2007-02-07 00:00:00,768249,RAIN,1,NCM,900,1,19,1014,3.6,NA,2306,NA,2007-08-02 20:00:17,0
2007-02-08 00:00:00,768249,RAIN,1,NCM,900,1,19,1014,1.6,NA,2306,NA,2007-08-02 20:00:17,0
2007-02-09 00:00:00,768249,RAIN,1,NCM,900,1,19,1022,4.1,NA,2576,NA,2007-08-02 20:00:17,0
2007-02-10 00:00:00,768249,RAIN,1,NCM,900,1,19,1011,2.8,NA,6,NA,2007-02-10 09:29:00,23
2007-02-11 00:00:00,768249,RAIN,1,NCM,900,1,19,1011,9.7,NA,6,NA,2007-02-11 09:02:00,50
2007-02-12 00:00:00,768249,RAIN,1,NCM,900,1,19,1011,39.5,NA,6,NA,2007-02-12 09:04:00,49
2007-02-13 00:00:00,768249,RAIN,1,NCM,900,1,19,1011,10.6,NA,6,NA,2007-02-13 09:03:00,50
2007-02-14 00:00:00,768249,RAIN,1,NCM,900,1,19,1011,1.5,NA,6,NA,2007-02-14 08:59:00,54
2007-02-15 00:00:00,768249,RAIN,1,NCM,900,1,19,1011,1.6,NA,6,NA,2007-02-15 09:01:00,51
2007-02-16 00:00:00,768249,RAIN,1,NCM,900,1,19,1011,1,0,6,NA,2007-03-22 14:04:00,0
2007-02-17 00:00:00,768249,RAIN,1,NCM,900,1,19,1011,0,NA,10006,NA,2007-02-17 08:57:00,54
2007-02-18 00:00:00,768249,RAIN,1,NCM,900,1,19,1011,1.1,NA,6,NA,2007-02-18 09:01:00,51
2007-02-19 00:00:00,768249,RAIN,1,NCM,900,1,19,1011,0.4,0,6,NA,2007-03-22 14:04:00,0
2007-02-20 00:00:00,768249,RAIN,1,NCM,900,1,19,1011,4.6,NA,6,NA,2007-02-20 08:59:00,60
2007-02-21 00:00:00,768249,RAIN,1,NCM,900,1,19,1011,0.1,NA,6,NA,2007-02-21 09:00:00,52
2007-02-22 00:00:00,768249,RAIN,1,NCM,900,1,19,1011,0.8,NA,6,NA,2007-02-22 08:58:00,55
2007-02-23 00:00:00,768249,RAIN,1,NCM,900,1,19,1011,15.7,NA,6,NA,2007-02-23 09:01:00,52
2007-02-24 00:00:00,768249,RAIN,1,NCM,900,1,19,1011,0.3,NA,6,NA,2007-02-24 09:25:00,26
2007-02-25 00:00:00,768249,RAIN,1,NCM,900,1,19,1011,2.5,NA,6,NA,2007-02-25 09:02:00,51
2007-02-26 00:00:00,768249,RAIN,1,NCM,900,1,19,1011,10.3,NA,6,NA,2007-02-26 09:03:00,51
2007-02-27 00:00:00,768249,RAIN,1,NCM,900,1,19,1011,1.1,0,6,NA,2007-04-04 13:36:00,0
2007-02-28 00:00:00,768249,RAIN,1,NCM,900,1,19,1011,5.4,0,6,NA,2007-04-04 13:36:00,0
2007-03-01 00:00:00,768249,RAIN,1,NCM,900,1,19,1011,6.5,NA,6,NA,2007-03-01 08:58:00,56
2007-03-02 00:00:00,768249,RAIN,1,NCM,900,1,19,1011,5.9,NA,6,NA,2007-03-02 09:00:00,53
2007-03-03 00:00:00,768249,RAIN,1,NCM,900,1,19,1011,0.1,NA,6,NA,2007-03-03 09:02:00,50
2007-03-04 00:00:00,768249,RAIN,1,NCM,900,1,19,1011,0,NA,6,NA,2007-03-04 09:00:00,53
2007-03-05 00:00:00,768249,RAIN,1,NCM,900,1,19,1011,7,NA,6,NA,2007-03-05 08:58:00,54
2007-03-06 00:00:00,768249,RAIN,1,NCM,900,1,19,1011,0.1,NA,6,NA,2007-03-06 09:00:00,53
2007-03-07 00:00:00,768249,RAIN,1,NCM,900,1,19,1011,0,NA,10006,NA,2007-03-07 09:01:00,51
2007-03-08 00:00:00,768249,RAIN,1,NCM,900,1,19,1011,0.5,NA,6,NA,2007-03-08 09:00:00,52
2007-03-09 00:00:00,768249,RAIN,1,NCM,900,1,19,1011,2.6,NA,6,NA,2007-03-09 08:58:00,54
2007-03-10 00:00:00,768249,RAIN,1,NCM,900,1,19,1011,14.9,NA,6,NA,2007-03-10 09:02:00,50
2007-03-11 00:00:00,768249,RAIN,1,NCM,900,1,19,1011,11.7,NA,6,NA,2007-03-11 08:57:00,54
2007-03-12 00:00:00,768249,RAIN,1,NCM,900,1,19,1011,2.3,NA,6,NA,2007-03-12 09:01:00,50
2007-03-13 00:00:00,768249,RAIN,1,NCM,900,1,19,1011,1.6,0,6,NA,2007-04-13 13:45:00,0
2007-03-14 00:00:00,768249,RAIN,1,NCM,900,1,19,1011,0.3,0,6,NA,2007-04-13 13:46:00,0
2007-03-15 00:00:00,768249,RAIN,1,NCM,900,1,19,1011,2.9,NA,6,NA,2007-03-15 09:04:00,48
2007-03-16 00:00:00,768249,RAIN,1,NCM,900,1,19,1011,5.6,0,6,NA,2007-04-13 13:46:00,0
2007-03-17 00:00:00,768249,RAIN,1,NCM,900,1,19,1011,3.3,NA,6,NA,2007-03-17 09:01:00,51
2007-03-18 00:00:00,768249,RAIN,1,NCM,900,1,19,1011,21.1,NA,6,NA,2007-03-18 09:02:00,72
2007-03-19 00:00:00,768249,RAIN,1,NCM,900,1,19,1011,6,NA,6,NA,2007-03-19 08:57:00,54
2007-03-20 00:00:00,768249,RAIN,1,NCM,900,1,19,1011,7.1,NA,6,NA,2007-03-20 08:59:00,53
2007-03-21 00:00:00,768249,RAIN,1,NCM,900,1,19,1011,0.5,NA,6,NA,2007-03-21 08:59:00,54
2007-03-22 00:00:00,768249,RAIN,1,NCM,900,1,19,1011,12.9,0,6,NA,2007-04-13 13:46:00,0
2007-03-23 00:00:00,768249,RAIN,1,NCM,900,1,19,1011,0,0,6,NA,2007-04-13 13:48:00,0
2007-03-24 00:00:00,768249,RAIN,1,NCM,900,1,19,1011,0,NA,6,NA,2007-03-24 09:00:00,51
2007-03-25 00:00:00,768249,RAIN,1,NCM,900,1,19,1011,0,NA,6,NA,2007-03-25 09:00:00,51
2007-03-26 00:00:00,768249,RAIN,1,NCM,900,1,19,1011,0,NA,6,NA,2007-03-26 09:02:00,50
2007-03-27 00:00:00,768249,RAIN,1,NCM,900,1,19,1011,0,NA,6,NA,2007-03-27 08:59:00,53
2007-03-28 00:00:00,768249,RAIN,1,NCM,900,1,19,1011,0,NA,6,NA,2007-03-28 09:16:00,37
2007-03-29 00:00:00,768249,RAIN,1,NCM,900,1,19,1011,0.3,NA,6,NA,2007-03-29 12:09:00,775
2007-03-30 00:00:00,768249,RAIN,1,NCM,900,1,19,1011,0,NA,6,NA,2007-03-30 09:02:00,50
2007-03-31 00:00:00,768249,RAIN,1,NCM,900,1,19,1011,0,NA,6,NA,2007-03-31 08:58:00,53
2007-04-01 00:00:00,768249,RAIN,1,NCM,900,1,19,1011,0,NA,6,NA,2007-04-01 09:06:00,45
2007-04-02 00:00:00,768249,RAIN,1,NCM,900,1,19,1011,0.2,0,6,NA,2007-06-01 12:54:00,0
2007-04-03 00:00:00,768249,RAIN,1,NCM,900,1,19,1011,0,NA,10006,NA,2007-04-03 08:50:00,61
2007-04-04 00:00:00,768249,RAIN,1,NCM,900,1,19,1011,1,NA,6,NA,2007-04-04 09:04:00,47
2007-04-05 00:00:00,768249,RAIN,1,NCM,900,1,19,1011,0.4,NA,6,NA,2007-04-05 09:01:00,50
2007-04-06 00:00:00,768249,RAIN,1,NCM,900,1,19,1011,0.7,NA,6,NA,2007-04-06 09:03:00,48
2007-04-07 00:00:00,768249,RAIN,1,NCM,900,1,19,1011,1.2,0,6,NA,2007-05-31 10:53:00,0
2007-04-08 00:00:00,768249,RAIN,1,NCM,900,1,19,1011,2.8,NA,6,NA,2007-04-08 08:58:00,53
2007-04-09 00:00:00,768249,RAIN,1,NCM,900,1,19,1011,1.1,NA,6,NA,2007-04-09 09:02:00,49
2007-04-10 00:00:00,768249,RAIN,1,NCM,900,1,19,1011,0.7,NA,6,NA,2007-04-10 08:58:00,53
2007-04-11 00:00:00,768249,RAIN,1,NCM,900,1,19,1011,3.6,0,6,NA,2007-05-31 10:53:00,0
2007-04-12 00:00:00,768249,RAIN,1,NCM,900,1,19,1011,0,0,6,NA,2007-05-31 10:53:00,0
2007-04-13 00:00:00,768249,RAIN,1,NCM,900,1,19,1011,0,0,6,NA,2007-06-01 12:54:00,0
2007-04-14 00:00:00,768249,RAIN,1,NCM,900,1,19,1011,0,NA,6,NA,2007-04-14 08:57:00,54
2007-04-15 00:00:00,768249,RAIN,1,NCM,900,1,19,1011,0,NA,6,NA,2007-04-15 09:17:00,34
2007-04-16 00:00:00,768249,RAIN,1,NCM,900,1,19,1011,1.4,NA,6,NA,2007-04-16 09:03:00,48
2007-04-17 00:00:00,768249,RAIN,1,NCM,900,1,19,1011,2.5,NA,6,NA,2007-04-17 09:04:00,48
2007-04-18 00:00:00,768249,RAIN,1,NCM,900,1,19,1011,5.9,NA,6,NA,2007-04-18 09:03:00,49
2007-04-19 00:00:00,768249,RAIN,1,NCM,900,1,19,1011,5.6,NA,6,NA,2007-04-19 09:03:00,48
2007-04-20 00:00:00,768249,RAIN,1,NCM,900,1,19,1011,0,NA,10006,NA,2007-04-20 09:04:00,48
2007-04-21 00:00:00,768249,RAIN,1,NCM,900,1,19,1011,4.6,NA,6,NA,2007-04-21 12:01:00,782
2007-04-22 00:00:00,768249,RAIN,1,NCM,900,1,19,1011,4.7,NA,6,NA,2007-04-22 12:03:00,779
2007-04-23 00:00:00,768249,RAIN,1,NCM,900,1,19,1011,0.4,NA,6,NA,2007-04-23 09:02:00,50
2007-04-24 00:00:00,768249,RAIN,1,NCM,900,1,19,1011,2,NA,6,NA,2007-04-24 09:03:00,50
2007-04-25 00:00:00,768249,RAIN,1,NCM,900,1,19,1011,6.6,NA,6,NA,2007-04-25 09:11:00,43
2007-04-26 00:00:00,768249,RAIN,1,NCM,900,1,19,1011,0.7,NA,6,NA,2007-04-26 09:00:00,51
2007-04-27 00:00:00,768249,RAIN,1,NCM,900,1,19,1011,0,NA,6,NA,2007-04-27 08:58:00,54
2007-04-28 00:00:00,768249,RAIN,1,NCM,900,1,19,1011,0,NA,6,NA,2007-04-28 08:59:00,52
2007-04-29 00:00:00,768249,RAIN,1,NCM,900,1,19,1011,0,NA,6,NA,2007-04-29 09:05:00,47
2007-04-30 00:00:00,768249,RAIN,1,NCM,900,1,19,1011,0,NA,6,NA,2007-04-30 09:06:00,46
2007-05-01 00:00:00,768249,RAIN,1,NCM,900,1,19,1011,0,NA,6,NA,2007-05-01 08:49:00,101
2007-05-02 00:00:00,768249,RAIN,1,NCM,900,1,19,1011,0,NA,6,NA,2007-05-02 09:02:00,50
2007-05-03 00:00:00,768249,RAIN,1,NCM,900,1,19,1011,0,NA,6,NA,2007-05-03 08:59:00,54
2007-05-04 00:00:00,768249,RAIN,1,NCM,900,1,19,1011,0,NA,10006,NA,2007-05-04 08:59:00,53
2007-05-05 00:00:00,768249,RAIN,1,NCM,900,1,19,1011,0.1,NA,6,NA,2007-05-05 09:01:00,51
2007-05-06 00:00:00,768249,RAIN,1,NCM,900,1,19,1011,9.1,NA,6,NA,2007-05-06 09:04:00,47
2007-05-07 00:00:00,768249,RAIN,1,NCM,900,1,19,1011,3.9,NA,6,NA,2007-05-07 09:04:00,47
2007-05-08 00:00:00,768249,RAIN,1,NCM,900,1,19,1011,3.5,NA,6,NA,2007-05-08 09:04:00,48
2007-05-09 00:00:00,768249,RAIN,1,NCM,900,1,19,1011,0.9,NA,6,NA,2007-05-09 15:08:00,597
2007-05-10 00:00:00,768249,RAIN,1,NCM,900,1,19,1011,15.5,NA,6,NA,2007-05-10 09:08:00,43
2007-05-11 00:00:00,768249,RAIN,1,NCM,900,1,19,1011,0,NA,10006,NA,2007-05-11 08:58:00,54
2007-05-12 00:00:00,768249,RAIN,1,NCM,900,1,19,1011,5.4,NA,6,NA,2007-05-12 09:08:00,43
2007-05-13 00:00:00,768249,RAIN,1,NCM,900,1,19,1011,0.6,NA,6,NA,2007-05-13 09:03:00,48
2007-05-14 00:00:00,768249,RAIN,1,NCM,900,1,19,1011,1.7,NA,6,NA,2007-05-14 09:02:00,51
2007-05-15 00:00:00,768249,RAIN,1,NCM,900,1,19,1011,2.1,NA,6,NA,2007-05-15 09:02:00,50
2007-05-16 00:00:00,768249,RAIN,1,NCM,900,1,19,1011,0.7,NA,6,NA,2007-05-16 09:00:00,53
2007-05-17 00:00:00,768249,RAIN,1,NCM,900,1,19,1011,0.2,NA,6,NA,2007-05-17 09:09:00,42
2007-05-18 00:00:00,768249,RAIN,1,NCM,900,1,19,1011,4.5,NA,6,NA,2007-05-18 09:03:00,49
2007-05-19 00:00:00,768249,RAIN,1,NCM,900,1,19,1011,0,NA,10006,NA,2007-05-19 09:02:00,50
2007-05-20 00:00:00,768249,RAIN,1,NCM,900,1,19,1011,1.9,NA,6,NA,2007-05-20 09:02:00,49
2007-05-21 00:00:00,768249,RAIN,1,NCM,900,1,19,1011,0,0,6,NA,2007-06-14 11:03:00,0
2007-05-22 00:00:00,768249,RAIN,1,NCM,900,1,19,1011,2.8,NA,6,NA,2007-05-22 09:03:00,48
2007-05-23 00:00:00,768249,RAIN,1,NCM,900,1,19,1011,2.3,NA,6,NA,2007-05-23 09:02:00,51
2007-05-24 00:00:00,768249,RAIN,1,NCM,900,1,19,1011,8,NA,6,NA,2007-05-24 09:07:00,47
2007-05-25 00:00:00,768249,RAIN,1,NCM,900,1,19,1011,4.8,NA,6,NA,2007-05-25 08:57:00,54
2007-05-26 00:00:00,768249,RAIN,1,NCM,900,1,19,1011,5.2,NA,6,NA,2007-05-26 09:02:00,49
2007-05-27 00:00:00,768249,RAIN,1,NCM,900,1,19,1011,0.3,NA,6,NA,2007-05-27 09:03:00,50
2007-05-28 00:00:00,768249,RAIN,1,NCM,900,1,19,1011,0.2,NA,6,NA,2007-05-28 09:02:00,49
2007-05-29 00:00:00,768249,RAIN,1,NCM,900,1,19,1011,1.4,NA,6,NA,2007-05-29 08:48:00,64
2007-05-30 00:00:00,768249,RAIN,1,NCM,900,1,19,1011,10.5,NA,6,NA,2007-05-30 09:13:00,39
2007-05-31 00:00:00,768249,RAIN,1,NCM,900,1,19,1011,15.9,NA,6,NA,2007-05-31 09:08:00,43
2007-06-01 00:00:00,768249,RAIN,1,NCM,900,1,19,1011,0,NA,10006,NA,2007-06-01 08:59:00,53
2007-06-02 00:00:00,768249,RAIN,1,NCM,900,1,19,1011,0,NA,6,NA,2007-06-02 09:03:00,49
2007-06-03 00:00:00,768249,RAIN,1,NCM,900,1,19,1011,4,NA,6,NA,2007-06-03 09:02:00,49
2007-06-04 00:00:00,768249,RAIN,1,NCM,900,1,19,1011,8,NA,6,NA,2007-06-04 09:02:00,49
2007-06-05 00:00:00,768249,RAIN,1,NCM,900,1,19,1011,0.1,NA,6,NA,2007-06-05 09:02:00,50
2007-06-06 00:00:00,768249,RAIN,1,NCM,900,1,19,1011,0,NA,10006,NA,2007-06-06 09:16:00,36
2007-06-07 00:00:00,768249,RAIN,1,NCM,900,1,19,1011,0,NA,10006,NA,2007-06-07 09:03:00,48
2007-06-08 00:00:00,768249,RAIN,1,NCM,900,1,19,1011,0,NA,10006,NA,2007-06-08 08:57:00,55
2007-06-09 00:00:00,768249,RAIN,1,NCM,900,1,19,1011,2.2,NA,6,NA,2007-06-09 09:02:00,50
2007-06-10 00:00:00,768249,RAIN,1,NCM,900,1,19,1011,0,NA,10006,NA,2007-06-10 09:02:00,49
2007-06-11 00:00:00,768249,RAIN,1,NCM,900,1,19,1011,0,NA,10006,NA,2007-06-11 08:57:00,55
2007-06-12 00:00:00,768249,RAIN,1,NCM,900,1,19,1011,0,NA,10006,NA,2007-06-12 09:03:00,50
2007-06-13 00:00:00,768249,RAIN,1,NCM,900,1,19,1011,0.3,NA,6,NA,2007-06-13 09:02:00,49
2007-06-14 00:00:00,768249,RAIN,1,NCM,900,1,19,1011,0,NA,10006,NA,2007-06-14 09:02:00,50
2007-06-15 00:00:00,768249,RAIN,1,NCM,900,1,19,1011,0,NA,6,NA,2007-06-15 09:03:00,48
2007-06-16 00:00:00,768249,RAIN,1,NCM,900,1,19,1011,0,NA,6,NA,2007-06-16 09:33:00,18
2007-06-17 00:00:00,768249,RAIN,1,NCM,900,1,19,1011,4.7,NA,6,NA,2007-06-17 15:38:00,565
2007-06-18 00:00:00,768249,RAIN,1,NCM,900,1,19,1011,0.8,NA,6,NA,2007-06-18 09:02:00,50
2007-06-19 00:00:00,768249,RAIN,1,NCM,900,1,19,1011,0,NA,6,NA,2007-06-19 09:05:00,47
2007-06-20 00:00:00,768249,RAIN,1,NCM,900,1,19,1011,0,NA,10006,NA,2007-06-20 09:00:00,51
2007-06-21 00:00:00,768249,RAIN,1,NCM,900,1,19,1011,2.3,NA,6,NA,2007-06-21 09:01:00,50
2007-06-22 00:00:00,768249,RAIN,1,NCM,900,1,19,1011,0,NA,10006,NA,2007-06-22 08:56:00,55
2007-06-23 00:00:00,768249,RAIN,1,NCM,900,1,19,1011,0,0,10006,NA,2007-07-27 14:14:00,0
2007-06-24 00:00:00,768249,RAIN,1,NCM,900,1,19,1014,0,NA,1306,NA,2007-11-07 20:04:03,0
2007-06-25 00:00:00,768249,RAIN,1,NCM,900,1,19,1022,0.5,0,1306,NA,2007-11-23 13:31:00,0
2007-06-26 00:00:00,768249,RAIN,1,NCM,900,1,19,1011,0.7,NA,6,NA,2007-06-26 08:57:00,54
2007-06-27 00:00:00,768249,RAIN,1,NCM,900,1,19,1011,1.6,NA,6,NA,2007-06-27 09:06:00,46
2007-06-28 00:00:00,768249,RAIN,1,NCM,900,1,19,1011,1.7,NA,6,NA,2007-06-28 09:06:00,46
2007-06-29 00:00:00,768249,RAIN,1,NCM,900,1,19,1011,0,NA,6,NA,2007-06-29 09:00:00,51
2007-06-30 00:00:00,768249,RAIN,1,NCM,900,1,19,1011,0,NA,6,NA,2007-06-30 09:01:00,51
2007-07-01 00:00:00,768249,RAIN,1,NCM,900,1,19,1011,1,NA,6,NA,2007-07-01 09:06:00,45
2007-07-02 00:00:00,768249,RAIN,1,NCM,900,1,19,1011,18.6,NA,6,NA,2007-07-02 18:07:00,416
2007-07-03 00:00:00,768249,RAIN,1,NCM,900,1,19,1011,0.1,NA,6,NA,2007-07-03 09:00:00,52
2007-07-04 00:00:00,768249,RAIN,1,NCM,900,1,19,1011,4.9,NA,6,NA,2007-07-04 09:00:00,51
2007-07-05 00:00:00,768249,RAIN,1,NCM,900,1,19,1011,0,NA,10006,NA,2007-07-05 09:06:00,45
2007-07-06 00:00:00,768249,RAIN,1,NCM,900,1,19,1011,0,NA,6,NA,2007-07-06 09:05:00,46
2007-07-07 00:00:00,768249,RAIN,1,NCM,900,1,19,1011,22.5,NA,6,NA,2007-07-07 09:05:00,46
2007-07-08 00:00:00,768249,RAIN,1,NCM,900,1,19,1011,97.4,NA,6,NA,2007-07-09 07:52:00,0
2007-07-09 00:00:00,768249,RAIN,1,NCM,900,1,19,1011,0.1,NA,6,NA,2007-07-09 09:06:00,45
2007-07-10 00:00:00,768249,RAIN,1,NCM,900,1,19,1011,1.8,NA,6,NA,2007-07-10 09:05:00,47
2007-07-11 00:00:00,768249,RAIN,1,NCM,900,1,19,1011,2.3,NA,6,NA,2007-07-11 09:06:00,46
2007-07-12 00:00:00,768249,RAIN,1,NCM,900,1,19,1011,0,NA,10006,NA,2007-07-12 09:05:00,47
2007-07-13 00:00:00,768249,RAIN,1,NCM,900,1,19,1011,1.7,NA,6,NA,2007-07-13 08:55:00,57
2007-07-14 00:00:00,768249,RAIN,1,NCM,900,1,19,1011,10.5,NA,6,NA,2007-07-14 09:01:00,51
2007-07-15 00:00:00,768249,RAIN,1,NCM,900,1,19,1011,8,NA,6,NA,2007-07-15 09:07:00,44
2007-07-16 00:00:00,768249,RAIN,1,NCM,900,1,19,1011,0,NA,6,NA,2007-07-16 09:05:00,46
2007-07-17 00:00:00,768249,RAIN,1,NCM,900,1,19,1011,15.9,NA,6,NA,2007-07-17 09:01:00,50
2007-07-18 00:00:00,768249,RAIN,1,NCM,900,1,19,1011,4,NA,6,NA,2007-07-18 09:00:00,52
2007-07-19 00:00:00,768249,RAIN,1,NCM,900,1,19,1011,0.1,NA,6,NA,2007-07-19 09:04:00,47
2007-07-20 00:00:00,768249,RAIN,1,NCM,900,1,19,1011,0,NA,10006,NA,2007-07-20 09:03:00,49
2007-07-21 00:00:00,768249,RAIN,1,NCM,900,1,19,1011,0,NA,6,NA,2007-07-21 09:00:00,52
2007-07-22 00:00:00,768249,RAIN,1,NCM,900,1,19,1011,2.9,NA,6,NA,2007-07-22 09:03:00,48
2007-07-23 00:00:00,768249,RAIN,1,NCM,900,1,19,1011,0.4,NA,6,NA,2007-07-23 09:07:00,44
2007-07-24 00:00:00,768249,RAIN,1,NCM,900,1,19,1011,1.3,NA,6,NA,2007-07-24 08:58:00,53
2007-07-25 00:00:00,768249,RAIN,1,NCM,900,1,19,1011,0,NA,10006,NA,2007-07-25 09:07:00,44
2007-07-26 00:00:00,768249,RAIN,1,NCM,900,1,19,1011,5.1,NA,6,NA,2007-07-26 18:03:00,419
2007-07-27 00:00:00,768249,RAIN,1,NCM,900,1,19,1011,0.1,NA,6,NA,2007-07-27 09:00:00,51
2007-07-28 00:00:00,768249,RAIN,1,NCM,900,1,19,1011,7.5,NA,6,NA,2007-07-28 09:04:00,47
2007-07-29 00:00:00,768249,RAIN,1,NCM,900,1,19,1011,7.3,NA,6,NA,2007-07-29 09:08:00,43
2007-07-30 00:00:00,768249,RAIN,1,NCM,900,1,19,1011,0.7,NA,6,NA,2007-07-30 09:13:00,38
2007-07-31 00:00:00,768249,RAIN,1,NCM,900,1,19,1011,0.4,NA,6,NA,2007-07-31 09:00:00,51
2007-08-01 00:00:00,768249,RAIN,1,NCM,900,1,19,1011,6.7,NA,6,NA,2007-08-01 09:00:00,51
2007-08-02 00:00:00,768249,RAIN,1,NCM,900,1,19,1011,1.8,NA,6,NA,2007-08-02 09:04:00,47
2007-08-03 00:00:00,768249,RAIN,1,NCM,900,1,19,1011,0.6,NA,6,NA,2007-08-03 09:28:00,23
2007-08-04 00:00:00,768249,RAIN,1,NCM,900,1,19,1011,7.1,NA,6,NA,2007-08-04 09:03:00,48
2007-08-05 00:00:00,768249,RAIN,1,NCM,900,1,19,1011,0,NA,6,NA,2007-08-05 09:00:00,51
2007-08-06 00:00:00,768249,RAIN,1,NCM,900,1,19,1011,20.7,NA,6,NA,2007-08-06 09:00:00,51
2007-08-07 00:00:00,768249,RAIN,1,NCM,900,1,19,1011,15.1,NA,6,NA,2007-08-07 09:07:00,44
2007-08-08 00:00:00,768249,RAIN,1,NCM,900,1,19,1011,9.4,NA,6,NA,2007-08-08 09:06:00,45
2007-08-09 00:00:00,768249,RAIN,1,NCM,900,1,19,1011,0,NA,6,NA,2007-08-09 09:00:00,51
2007-08-10 00:00:00,768249,RAIN,1,NCM,900,1,19,1011,0.3,NA,6,NA,2007-08-10 09:04:00,47
2007-08-11 00:00:00,768249,RAIN,1,NCM,900,1,19,1011,3,NA,6,NA,2007-08-11 09:03:00,48
2007-08-12 00:00:00,768249,RAIN,1,NCM,900,1,19,1011,3.5,NA,6,NA,2007-08-12 09:00:00,51
2007-08-13 00:00:00,768249,RAIN,1,NCM,900,1,19,1011,7.8,NA,6,NA,2007-08-13 09:04:00,46
2007-08-14 00:00:00,768249,RAIN,1,NCM,900,1,19,1011,1.7,NA,6,NA,2007-08-14 08:55:00,56
2007-08-15 00:00:00,768249,RAIN,1,NCM,900,1,19,1011,0,NA,10006,NA,2007-08-15 09:00:00,51
2007-08-16 00:00:00,768249,RAIN,1,NCM,900,1,19,1011,1.1,NA,6,NA,2007-08-16 09:06:00,45
2007-08-17 00:00:00,768249,RAIN,1,NCM,900,1,19,1011,8,NA,6,NA,2007-08-17 12:04:00,778
2007-08-18 00:00:00,768249,RAIN,1,NCM,900,1,19,1011,0.1,NA,6,NA,2007-08-18 12:05:00,777
2007-08-19 00:00:00,768249,RAIN,1,NCM,900,1,19,1011,4.1,NA,6,NA,2007-08-19 09:03:00,48
2007-08-20 00:00:00,768249,RAIN,1,NCM,900,1,19,1011,0,NA,10006,NA,2007-08-20 08:59:00,52
2007-08-21 00:00:00,768249,RAIN,1,NCM,900,1,19,1011,3.3,0,6,NA,2007-09-25 11:02:00,0
2007-08-22 00:00:00,768249,RAIN,1,NCM,900,1,19,1011,0,0,6,NA,2007-09-25 11:02:00,0
2007-08-23 00:00:00,768249,RAIN,1,NCM,900,1,19,1011,0,NA,10006,NA,2007-08-23 08:57:00,54
2007-08-24 00:00:00,768249,RAIN,1,NCM,900,1,19,1011,0.1,NA,6,NA,2007-08-24 08:57:00,54
2007-08-25 00:00:00,768249,RAIN,1,NCM,900,1,19,1011,0,NA,10006,NA,2007-08-25 09:01:00,50
2007-08-26 00:00:00,768249,RAIN,1,NCM,900,1,19,1014,1.2,NA,2306,NA,2007-11-30 19:59:59,0
2007-08-27 00:00:00,768249,RAIN,1,NCM,900,1,19,1014,10,NA,2306,NA,2007-11-30 19:59:59,0
2007-08-28 00:00:00,768249,RAIN,1,NCM,900,1,19,1014,0,NA,2306,NA,2007-11-30 19:59:59,0
2007-08-29 00:00:00,768249,RAIN,1,NCM,900,1,19,1014,0.3,NA,2306,NA,2007-11-30 19:59:59,0
2007-08-30 00:00:00,768249,RAIN,1,NCM,900,1,19,1014,8.4,NA,2306,NA,2007-11-30 19:59:59,0
2007-08-31 00:00:00,768249,RAIN,1,NCM,900,1,19,1014,4.1,NA,2306,NA,2007-11-30 19:59:59,0
2007-09-01 00:00:00,768249,RAIN,1,NCM,900,1,19,1014,1.8,NA,2306,NA,2007-11-30 19:59:59,0
2007-10-01 00:00:00,768249,RAIN,1,NCM,900,30,19,1022,135,NA,22576,NA,2007-12-17 20:00:28,0
2007-10-02 00:00:00,768249,RAIN,1,NCM,900,1,19,1011,0,NA,6,NA,2007-10-02 08:58:00,53
2007-10-03 00:00:00,768249,RAIN,1,NCM,900,1,19,1011,0,NA,6,NA,2007-10-03 09:01:00,50
2007-10-04 00:00:00,768249,RAIN,1,NCM,900,1,19,1011,0,NA,10006,NA,2007-10-04 08:58:00,53
2007-10-05 00:00:00,768249,RAIN,1,NCM,900,1,19,1011,0,NA,10006,NA,2007-10-05 09:00:00,51
2007-10-06 00:00:00,768249,RAIN,1,NCM,900,1,19,1011,1.3,NA,6,NA,2007-10-06 09:00:00,51
2007-10-07 00:00:00,768249,RAIN,1,NCM,900,1,19,1011,0.7,NA,6,NA,2007-10-07 09:00:00,51
2007-10-08 00:00:00,768249,RAIN,1,NCM,900,1,19,1011,0,NA,10006,NA,2007-10-08 08:56:00,55
2007-10-09 00:00:00,768249,RAIN,1,NCM,900,1,19,1011,0,NA,6,NA,2007-10-09 08:57:00,54
2007-10-10 00:00:00,768249,RAIN,1,NCM,900,1,19,1011,0,NA,6,NA,2007-10-10 09:00:00,51
2007-10-11 00:00:00,768249,RAIN,1,NCM,900,1,19,1011,3.4,NA,6,NA,2007-10-11 09:00:00,51
2007-10-12 00:00:00,768249,RAIN,1,NCM,900,1,19,1011,3.8,NA,6,NA,2007-10-12 08:58:00,53
2007-10-13 00:00:00,768249,RAIN,1,NCM,900,1,19,1011,0,NA,10006,NA,2007-10-13 09:06:00,45
2007-10-14 00:00:00,768249,RAIN,1,NCM,900,1,19,1011,1.1,NA,6,NA,2007-10-14 09:02:00,49
2007-10-15 00:00:00,768249,RAIN,1,NCM,900,1,19,1011,0.3,NA,6,NA,2007-10-15 09:00:00,52
2007-10-16 00:00:00,768249,RAIN,1,NCM,900,1,19,1011,2,NA,6,NA,2007-10-16 08:57:00,54
2007-10-17 00:00:00,768249,RAIN,1,NCM,900,1,19,1011,3.4,NA,6,NA,2007-10-17 09:03:00,48
2007-10-18 00:00:00,768249,RAIN,1,NCM,900,1,19,1011,1.9,0,6,NA,2007-11-20 10:58:00,0
2007-10-19 00:00:00,768249,RAIN,1,NCM,900,1,19,1011,0,NA,6,NA,2007-10-19 09:00:00,51
2007-10-20 00:00:00,768249,RAIN,1,NCM,900,1,19,1011,1.3,NA,6,NA,2007-10-20 08:59:00,52
2007-10-21 00:00:00,768249,RAIN,1,NCM,900,1,19,1011,0,NA,6,NA,2007-10-21 08:58:00,55
2007-10-22 00:00:00,768249,RAIN,1,NCM,900,1,19,1011,1.5,NA,6,NA,2007-10-22 08:58:00,53
2007-10-23 00:00:00,768249,RAIN,1,NCM,900,1,19,1011,0,NA,10006,NA,2007-10-23 08:59:00,53
2007-10-24 00:00:00,768249,RAIN,1,NCM,900,1,19,1011,0,NA,6,NA,2007-10-24 09:05:00,46
2007-10-25 00:00:00,768249,RAIN,1,NCM,900,1,19,1011,0,NA,6,NA,2007-10-25 08:56:00,55
2007-10-26 00:00:00,768249,RAIN,1,NCM,900,1,19,1011,0.2,NA,6,NA,2007-10-26 08:58:00,54
2007-10-27 00:00:00,768249,RAIN,1,NCM,900,1,19,1011,2.4,NA,6,NA,2007-10-27 09:02:00,49
2007-10-28 00:00:00,768249,RAIN,1,NCM,900,1,19,1011,12.6,NA,6,NA,2007-10-28 08:59:00,52
2007-10-29 00:00:00,768249,RAIN,1,NCM,900,1,19,1011,8.9,NA,6,NA,2007-10-29 09:00:00,52
2007-10-30 00:00:00,768249,RAIN,1,NCM,900,1,19,1011,3.4,NA,6,NA,2007-10-30 09:00:00,51
2007-10-31 00:00:00,768249,RAIN,1,NCM,900,1,19,1011,9.3,NA,6,NA,2007-10-31 09:01:00,51
2007-11-01 00:00:00,768249,RAIN,1,NCM,900,1,19,1011,19.8,NA,6,NA,2007-11-01 18:02:00,421
2007-11-02 00:00:00,768249,RAIN,1,NCM,900,1,19,1011,0.5,NA,6,NA,2007-11-02 09:02:00,50
2007-11-03 00:00:00,768249,RAIN,1,NCM,900,1,19,1011,2,NA,6,NA,2007-11-03 08:57:00,55
2007-11-04 00:00:00,768249,RAIN,1,NCM,900,1,19,1011,5.6,NA,6,NA,2007-11-04 08:59:00,53
2007-11-05 00:00:00,768249,RAIN,1,NCM,900,1,19,1011,6.4,NA,6,NA,2007-11-05 09:02:00,51
2007-11-06 00:00:00,768249,RAIN,1,NCM,900,1,19,1011,4.9,NA,6,NA,2007-11-06 08:57:00,55
2007-11-07 00:00:00,768249,RAIN,1,NCM,900,1,19,1011,3,NA,6,NA,2007-11-07 08:58:00,55
2007-11-08 00:00:00,768249,RAIN,1,NCM,900,1,19,1011,4.4,NA,6,NA,2007-11-08 09:01:00,51
2007-11-09 00:00:00,768249,RAIN,1,NCM,900,1,19,1011,7.6,NA,6,NA,2007-11-09 08:59:00,54
2007-11-10 00:00:00,768249,RAIN,1,NCM,900,1,19,1011,8.9,NA,6,NA,2007-11-10 09:03:00,49
2007-11-11 00:00:00,768249,RAIN,1,NCM,900,1,19,1011,12.1,NA,6,NA,2007-11-11 09:02:00,50
2007-11-12 00:00:00,768249,RAIN,1,NCM,900,1,19,1011,3.7,NA,6,NA,2007-11-12 09:00:00,52
2007-11-13 00:00:00,768249,RAIN,1,NCM,900,1,19,1011,7.7,NA,6,NA,2007-11-13 08:59:00,54
2007-11-14 00:00:00,768249,RAIN,1,NCM,900,1,19,1011,1,NA,6,NA,2007-11-14 09:03:00,50
2007-11-15 00:00:00,768249,RAIN,1,NCM,900,1,19,1011,0.1,NA,6,NA,2007-11-15 09:00:00,52
2007-11-16 00:00:00,768249,RAIN,1,NCM,900,1,19,1011,0.7,NA,6,NA,2007-11-16 09:01:00,51
2007-11-17 00:00:00,768249,RAIN,1,NCM,900,1,19,1011,1.1,NA,6,NA,2007-11-17 09:05:00,47
2007-11-18 00:00:00,768249,RAIN,1,NCM,900,1,19,1011,3.4,NA,6,NA,2007-11-18 09:02:00,50
2007-11-19 00:00:00,768249,RAIN,1,NCM,900,1,19,1011,10.6,NA,6,NA,2007-11-19 08:59:00,53
2007-11-20 00:00:00,768249,RAIN,1,NCM,900,1,19,1011,2,NA,6,NA,2007-11-20 09:04:00,48
2007-11-21 00:00:00,768249,RAIN,1,NCM,900,1,19,1014,3.7,NA,1306,NA,2009-11-20 15:34:16,0
2007-11-22 00:00:00,768249,RAIN,1,NCM,900,1,19,1022,22.6,2501,1306,NA,2009-11-20 15:34:16,0
2007-11-23 00:00:00,768249,RAIN,1,NCM,900,1,19,1011,0.5,NA,6,NA,2007-11-23 09:00:00,52
2007-11-24 00:00:00,768249,RAIN,1,NCM,900,1,19,1011,3.6,NA,6,NA,2007-11-24 08:59:00,53
2007-11-25 00:00:00,768249,RAIN,1,NCM,900,1,19,1011,4.5,NA,6,NA,2007-11-25 09:03:00,49
2007-11-26 00:00:00,768249,RAIN,1,NCM,900,1,19,1011,0.1,NA,6,NA,2007-11-26 09:00:00,52
2007-11-27 00:00:00,768249,RAIN,1,NCM,900,1,19,1011,0.3,NA,6,NA,2007-11-27 09:01:00,53
2007-11-28 00:00:00,768249,RAIN,1,NCM,900,1,19,1011,11.1,NA,6,NA,2007-11-28 09:02:00,51
2007-11-29 00:00:00,768249,RAIN,1,NCM,900,1,19,1011,4.6,NA,6,NA,2007-11-29 09:03:00,49
2007-11-30 00:00:00,768249,RAIN,1,NCM,900,1,19,1011,5.6,NA,6,NA,2007-11-30 09:01:00,51
2007-12-01 00:00:00,768249,RAIN,1,NCM,900,1,19,1011,0.3,NA,6,NA,2007-12-01 12:02:00,781
2007-12-02 00:00:00,768249,RAIN,1,NCM,900,1,19,1011,0,NA,6,NA,2007-12-02 08:59:00,53
2007-12-03 00:00:00,768249,RAIN,1,NCM,900,1,19,1011,6.1,NA,6,NA,2007-12-03 09:00:00,52
2007-12-04 00:00:00,768249,RAIN,1,NCM,900,1,19,1011,2.4,NA,6,NA,2007-12-04 09:04:00,48
2007-12-05 00:00:00,768249,RAIN,1,NCM,900,1,19,1011,8.5,NA,6,NA,2007-12-05 08:57:00,55
2007-12-06 00:00:00,768249,RAIN,1,NCM,900,1,19,1011,8.6,NA,6,NA,2007-12-06 09:01:00,52
2007-12-07 00:00:00,768249,RAIN,1,NCM,900,1,19,1011,23,NA,6,NA,2007-12-07 09:05:00,47
2007-12-08 00:00:00,768249,RAIN,1,NCM,900,1,19,1011,5.6,NA,6,NA,2007-12-08 09:03:00,49
2007-12-09 00:00:00,768249,RAIN,1,NCM,900,1,19,1011,16.6,NA,6,NA,2007-12-09 09:02:00,50
2007-12-10 00:00:00,768249,RAIN,1,NCM,900,1,19,1011,3.5,NA,6,NA,2007-12-10 09:04:00,48
2007-12-11 00:00:00,768249,RAIN,1,NCM,900,1,19,1011,2.7,NA,6,NA,2007-12-11 09:06:00,47
2007-12-12 00:00:00,768249,RAIN,1,NCM,900,1,19,1011,0,NA,6,NA,2007-12-12 08:58:00,54
2007-12-13 00:00:00,768249,RAIN,1,NCM,900,1,19,1011,0.1,NA,6,NA,2007-12-13 18:05:00,418
2007-12-14 00:00:00,768249,RAIN,1,NCM,900,1,19,1011,0,NA,10006,NA,2007-12-14 08:59:00,53
2007-12-15 00:00:00,768249,RAIN,1,NCM,900,1,19,1011,0,NA,6,NA,2007-12-15 09:00:00,249
2007-12-16 00:00:00,768249,RAIN,1,NCM,900,1,19,1011,0,NA,6,NA,2007-12-16 08:57:00,55
2007-12-17 00:00:00,768249,RAIN,1,NCM,900,1,19,1011,0,NA,6,NA,2007-12-17 09:00:00,52
2007-12-18 00:00:00,768249,RAIN,1,NCM,900,1,19,1011,0,NA,6,NA,2007-12-18 09:02:00,50
2007-12-19 00:00:00,768249,RAIN,1,NCM,900,1,19,1011,0,NA,6,NA,2007-12-19 09:00:00,52
2007-12-20 00:00:00,768249,RAIN,1,NCM,900,1,19,1011,0,NA,6,NA,2007-12-20 08:58:00,54
2007-12-21 00:00:00,768249,RAIN,1,NCM,900,1,19,1011,0,NA,6,NA,2007-12-21 08:58:00,54
2007-12-22 00:00:00,768249,RAIN,1,NCM,900,1,19,1011,0,NA,6,NA,2007-12-22 09:02:00,50
2007-12-23 00:00:00,768249,RAIN,1,NCM,900,1,19,1011,2.1,NA,6,NA,2007-12-23 09:02:00,245
2007-12-24 00:00:00,768249,RAIN,1,NCM,900,1,19,1011,2.8,NA,6,NA,2007-12-24 09:06:00,46
2007-12-25 00:00:00,768249,RAIN,1,NCM,900,1,19,1011,2.6,NA,6,NA,2007-12-25 08:58:00,54
2007-12-26 00:00:00,768249,RAIN,1,NCM,900,1,19,1011,4.6,NA,6,NA,2007-12-26 09:05:00,47
2007-12-27 00:00:00,768249,RAIN,1,NCM,900,1,19,1011,2.1,NA,6,NA,2007-12-27 09:03:00,49
2007-12-28 00:00:00,768249,RAIN,1,NCM,900,1,19,1011,1.5,NA,6,NA,2007-12-28 09:01:00,51
2007-12-29 00:00:00,768249,RAIN,1,NCM,900,1,19,1011,9.3,NA,6,NA,2007-12-29 09:00:00,52
2007-12-30 00:00:00,768249,RAIN,1,NCM,900,1,19,1011,5.7,NA,6,NA,2007-12-30 09:04:00,48
2007-12-31 00:00:00,768249,RAIN,1,NCM,900,1,19,1011,3.5,NA,6,NA,2007-12-31 09:07:00,45
end data
